-- phpMyAdmin SQL Dump
-- version 4.9.0.1
-- https://www.phpmyadmin.net/
--
-- Host: 127.0.0.1
-- Generation Time: Jul 28, 2019 at 03:33 AM
-- Server version: 10.3.16-MariaDB
-- PHP Version: 7.3.7

SET SQL_MODE = "NO_AUTO_VALUE_ON_ZERO";
SET AUTOCOMMIT = 0;
START TRANSACTION;
SET time_zone = "+00:00";


/*!40101 SET @OLD_CHARACTER_SET_CLIENT=@@CHARACTER_SET_CLIENT */;
/*!40101 SET @OLD_CHARACTER_SET_RESULTS=@@CHARACTER_SET_RESULTS */;
/*!40101 SET @OLD_COLLATION_CONNECTION=@@COLLATION_CONNECTION */;
/*!40101 SET NAMES utf8mb4 */;

--
-- Database: `api`
--

-- --------------------------------------------------------

--
-- Table structure for table `migrations`
--

CREATE TABLE `migrations` (
  `id` int(10) UNSIGNED NOT NULL,
  `migration` varchar(255) COLLATE utf8mb4_unicode_ci NOT NULL,
  `batch` int(11) NOT NULL
) ENGINE=InnoDB DEFAULT CHARSET=utf8mb4 COLLATE=utf8mb4_unicode_ci;

--
-- Dumping data for table `migrations`
--

INSERT INTO `migrations` (`id`, `migration`, `batch`) VALUES
(1, '2014_10_12_000000_create_users_table', 1),
(2, '2014_10_12_100000_create_password_resets_table', 1),
(3, '2019_07_27_235327_create_products_table', 1),
(4, '2019_07_27_235424_create_reviews_table', 1);

-- --------------------------------------------------------

--
-- Table structure for table `password_resets`
--

CREATE TABLE `password_resets` (
  `email` varchar(255) COLLATE utf8mb4_unicode_ci NOT NULL,
  `token` varchar(255) COLLATE utf8mb4_unicode_ci NOT NULL,
  `created_at` timestamp NULL DEFAULT NULL
) ENGINE=InnoDB DEFAULT CHARSET=utf8mb4 COLLATE=utf8mb4_unicode_ci;

-- --------------------------------------------------------

--
-- Table structure for table `products`
--

CREATE TABLE `products` (
  `id` int(10) UNSIGNED NOT NULL,
  `name` varchar(255) COLLATE utf8mb4_unicode_ci NOT NULL,
  `detail` text COLLATE utf8mb4_unicode_ci NOT NULL,
  `price` int(11) NOT NULL,
  `stock` int(11) NOT NULL,
  `discount` int(11) NOT NULL,
  `created_at` timestamp NULL DEFAULT NULL,
  `updated_at` timestamp NULL DEFAULT NULL
) ENGINE=InnoDB DEFAULT CHARSET=utf8mb4 COLLATE=utf8mb4_unicode_ci;

--
-- Dumping data for table `products`
--

INSERT INTO `products` (`id`, `name`, `detail`, `price`, `stock`, `discount`, `created_at`, `updated_at`) VALUES
(351, 'libero', 'Et sit non nam. Fugit asperiores nihil accusantium quod quam ut eligendi. Aut rerum consequuntur sit aliquid eum aut ut quas.', 215, 0, 8, '2019-07-28 00:02:59', '2019-07-28 00:02:59'),
(352, 'dolorem', 'Aut natus facilis eveniet voluptatibus velit. Quae facilis fugit labore inventore. Id error aperiam cum aspernatur.', 210, 5, 2, '2019-07-28 00:02:59', '2019-07-28 00:02:59'),
(353, 'id', 'Est commodi labore voluptates omnis. Perspiciatis sed quia provident ipsa nihil nam qui placeat. Corporis est quae ratione officia reprehenderit dolores. Provident sit sit laudantium quo aperiam rerum ea. Voluptas voluptas aliquam voluptate id.', 749, 0, 4, '2019-07-28 00:02:59', '2019-07-28 00:02:59'),
(354, 'expedita', 'Dolor sint in enim praesentium fuga autem. Non similique dolorem et reprehenderit ipsam ut quia. Possimus voluptatem quidem et dolorum esse ipsum.', 460, 6, 30, '2019-07-28 00:02:59', '2019-07-28 00:02:59'),
(355, 'accusamus', 'Quo asperiores quibusdam autem id est sint. Et pariatur sint quod veritatis aut modi dolorem. Vero voluptas debitis saepe suscipit voluptatibus. Aut harum illo voluptas reprehenderit qui.', 423, 2, 27, '2019-07-28 00:02:59', '2019-07-28 00:02:59'),
(356, 'culpa', 'Ut autem ea ipsum in quibusdam atque. Facere aspernatur et sed nostrum quis. Tempore cum exercitationem quas ex rerum. Ut nisi accusamus sit ut eius aut laborum.', 421, 3, 15, '2019-07-28 00:03:00', '2019-07-28 00:03:00'),
(357, 'nulla', 'Natus fugit et quia alias. Sit iure ratione nam. In et occaecati dignissimos illum itaque incidunt reiciendis. Non dolor veritatis natus ut vel quae saepe. Est blanditiis deserunt hic ad ut.', 421, 8, 27, '2019-07-28 00:03:00', '2019-07-28 00:03:00'),
(358, 'fugit', 'Sit consequatur beatae modi qui. Et accusantium ratione omnis facere possimus architecto enim accusamus. Unde consequatur quo ipsum velit sunt dicta et.', 992, 8, 22, '2019-07-28 00:03:00', '2019-07-28 00:03:00'),
(359, 'et', 'Quam ut eum modi aut dignissimos voluptate voluptatibus. Dolor enim voluptatibus est facilis aut hic dolore.', 457, 4, 15, '2019-07-28 00:03:00', '2019-07-28 00:03:00'),
(360, 'animi', 'Ipsa cumque illum nulla aliquid. Eligendi laborum impedit atque aliquid mollitia qui maiores. Adipisci officiis sed nam dolorem nihil esse in.', 846, 2, 23, '2019-07-28 00:03:00', '2019-07-28 00:03:00'),
(361, 'ipsa', 'Ratione est quisquam ut sapiente. Ut odio in qui et est quae aperiam. Officia est nemo cumque vel id blanditiis. Aliquam perspiciatis doloremque ut non exercitationem quod rerum et.', 687, 5, 3, '2019-07-28 00:03:00', '2019-07-28 00:03:00'),
(362, 'temporibus', 'Aut est pariatur suscipit ut. Ducimus quia ut officia suscipit autem. Aspernatur aliquam rerum sed nulla voluptas. Natus id aut ad.', 919, 9, 30, '2019-07-28 00:03:00', '2019-07-28 00:03:00'),
(363, 'dolorem', 'Voluptatem quasi nesciunt rerum voluptatem voluptatibus ipsa. Occaecati est nostrum sed.', 214, 2, 30, '2019-07-28 00:03:00', '2019-07-28 00:03:00'),
(364, 'voluptatem', 'In commodi molestiae qui nostrum omnis. Distinctio laborum pariatur nobis ad eos. Dolores et accusamus deleniti fuga maiores labore. Praesentium eos veritatis eum aliquam recusandae vel. Temporibus necessitatibus quia sunt aliquid rerum aut ut.', 377, 6, 3, '2019-07-28 00:03:00', '2019-07-28 00:03:00'),
(365, 'sapiente', 'Qui quia iste delectus nemo molestiae. Rem itaque impedit quibusdam et. Non molestiae voluptatibus qui vel deserunt aut qui sit. Minus perferendis ratione nihil inventore iusto reiciendis.', 467, 3, 3, '2019-07-28 00:03:00', '2019-07-28 00:03:00'),
(366, 'voluptatem', 'Quis nam dicta cumque iure necessitatibus recusandae ut. Qui suscipit mollitia animi quo cumque eaque. Sit et recusandae ex in illo vel et quo. Error voluptates assumenda dolorem eaque vero magni commodi.', 656, 7, 10, '2019-07-28 00:03:00', '2019-07-28 00:03:00'),
(367, 'nobis', 'Delectus aut aut ut aut aut est itaque. Quia veniam autem qui tempora consequatur sunt sit maxime. Alias odit expedita dolorem dolores.', 704, 3, 4, '2019-07-28 00:03:00', '2019-07-28 00:03:00'),
(368, 'sit', 'Ut vel in omnis aut ut aut soluta. Magni rem officia ipsum voluptatibus unde. Expedita quisquam eaque saepe eos dolorem odit consequatur. Et officia suscipit veniam qui autem et rem illum.', 713, 5, 25, '2019-07-28 00:03:00', '2019-07-28 00:03:00'),
(369, 'repellat', 'Ut rerum ullam suscipit molestias fuga laudantium. Aut sint quis esse eius. Provident possimus assumenda aut repellendus nam ratione facilis eos. Eius cupiditate autem error distinctio ut eius dolor.', 666, 1, 2, '2019-07-28 00:03:00', '2019-07-28 00:03:00'),
(370, 'unde', 'Quas dolor labore accusamus totam nisi. Molestiae culpa ipsam dicta perspiciatis consequuntur architecto nemo. Temporibus culpa et eos ut et earum fugiat.', 436, 1, 30, '2019-07-28 00:03:00', '2019-07-28 00:03:00'),
(371, 'consectetur', 'Omnis ex facilis alias et omnis. Nihil architecto explicabo qui aut ullam. Unde incidunt recusandae eveniet odio et doloremque. Sed fuga consequatur aperiam libero nemo.', 541, 9, 3, '2019-07-28 00:03:00', '2019-07-28 00:03:00'),
(372, 'sed', 'Necessitatibus ipsam dolor quo non maxime autem. Eaque rerum hic aut quaerat non sit. Ad molestiae magnam voluptatum asperiores voluptas qui quo corrupti. Aperiam ut eaque est eligendi harum molestiae quos.', 327, 1, 18, '2019-07-28 00:03:00', '2019-07-28 00:03:00'),
(373, 'vitae', 'Amet officia voluptas est sit. Inventore quo temporibus possimus aut vel quae non ex. Ipsa ab exercitationem qui voluptate autem veritatis id.', 862, 7, 15, '2019-07-28 00:03:00', '2019-07-28 00:03:00'),
(374, 'dicta', 'Natus modi hic cupiditate nihil quas quae. Maxime et in aut in. Inventore libero nobis perspiciatis qui sunt.', 757, 0, 22, '2019-07-28 00:03:00', '2019-07-28 00:03:00'),
(375, 'cum', 'Vitae pariatur exercitationem veritatis. Sapiente minima repudiandae molestias ut et non blanditiis fugiat. Saepe in aut vero enim tempore harum. Minus fugiat ratione fugiat id.', 756, 6, 18, '2019-07-28 00:03:00', '2019-07-28 00:03:00'),
(376, 'dolor', 'Iure omnis sequi aliquid beatae. Blanditiis at provident et et sed sint. Eaque rerum dolor sunt molestiae et.', 935, 7, 24, '2019-07-28 00:03:00', '2019-07-28 00:03:00'),
(377, 'aspernatur', 'Deserunt illo autem nemo accusamus et aut. Et ex dicta eaque ea excepturi dolores adipisci voluptas. Non sunt placeat nulla dolores. Ipsum voluptas aut error dolorem a.', 244, 8, 7, '2019-07-28 00:03:00', '2019-07-28 00:03:00'),
(378, 'sunt', 'Assumenda veniam molestiae consequatur ut accusantium omnis. Sint modi aspernatur ut qui aut. Consequatur voluptatem inventore ut quae id. Et ipsam qui neque inventore. Minus voluptas est dolores aut qui esse.', 406, 3, 19, '2019-07-28 00:03:00', '2019-07-28 00:03:00'),
(379, 'molestiae', 'Fuga dicta qui voluptatem eaque. At magnam sunt pariatur. Sint earum maiores non.', 508, 1, 16, '2019-07-28 00:03:01', '2019-07-28 00:03:01'),
(380, 'distinctio', 'Nostrum mollitia et praesentium ut molestias vitae. Nulla at ex rem rerum numquam temporibus delectus enim. Omnis id nesciunt et eum. Saepe sed asperiores at natus voluptate.', 726, 7, 5, '2019-07-28 00:03:01', '2019-07-28 00:03:01'),
(381, 'sint', 'Ut voluptates et unde alias. Odit corrupti nam eaque id unde voluptatem. Pariatur non sint tenetur expedita et rerum quos. Quo aspernatur architecto blanditiis delectus.', 385, 1, 17, '2019-07-28 00:03:01', '2019-07-28 00:03:01'),
(382, 'exercitationem', 'Quia accusantium dolorem libero provident ut. Sunt tenetur vero at ipsam accusamus. Iste voluptatum nobis quod fugit blanditiis facere vel.', 168, 0, 9, '2019-07-28 00:03:01', '2019-07-28 00:03:01'),
(383, 'error', 'Quos consectetur repellendus pariatur aut voluptatem ut ut. Aut eveniet est quia temporibus a enim enim. Accusantium aut alias qui suscipit modi.', 163, 6, 26, '2019-07-28 00:03:01', '2019-07-28 00:03:01'),
(384, 'voluptatum', 'Dolores eaque officiis impedit autem et. Et perferendis maiores eligendi cum sunt excepturi. Nulla dolores soluta beatae laudantium consequatur velit.', 308, 2, 5, '2019-07-28 00:03:01', '2019-07-28 00:03:01'),
(385, 'quos', 'Dolorum deleniti fuga libero doloribus. Veniam dicta qui officia rerum. Modi praesentium sint accusantium quia animi. Dolore saepe quibusdam enim consequatur non. Nulla dolores excepturi sunt non porro iure.', 423, 2, 22, '2019-07-28 00:03:01', '2019-07-28 00:03:01'),
(386, 'ut', 'Inventore qui temporibus qui aspernatur. Fuga accusantium quis dolorem et non illo dolor. Sed quibusdam aut eaque sed reprehenderit totam. Et facere nemo accusamus quis fuga ipsum.', 933, 9, 23, '2019-07-28 00:03:01', '2019-07-28 00:03:01'),
(387, 'tenetur', 'Maiores ipsam sit qui rerum rem et qui. Facilis et praesentium nihil sunt ipsa adipisci perspiciatis. Sed odio deleniti minus ipsam cumque ut. Deleniti voluptatem veritatis suscipit at.', 957, 9, 17, '2019-07-28 00:03:01', '2019-07-28 00:03:01'),
(388, 'soluta', 'Aut libero temporibus et. Voluptatum ratione quasi sed. Repellat non inventore sint aut sed tempora.', 321, 2, 5, '2019-07-28 00:03:01', '2019-07-28 00:03:01'),
(389, 'sint', 'Natus consequatur dolorem eius dolorum sapiente. Et sunt facilis quidem cupiditate earum harum quod. Occaecati ea necessitatibus accusamus magni ducimus aut veniam.', 313, 1, 11, '2019-07-28 00:03:01', '2019-07-28 00:03:01'),
(390, 'et', 'Rerum aut at culpa sunt facilis reiciendis id. Est amet sapiente vitae id. Officia aut totam quasi temporibus adipisci. Consectetur voluptatibus quos reiciendis similique consequatur.', 222, 0, 4, '2019-07-28 00:03:01', '2019-07-28 00:03:01'),
(391, 'ipsam', 'Maiores sit laborum repellat voluptatibus autem alias est quas. Aut doloribus et quis recusandae fugit quia. Enim non voluptatem quas quis exercitationem.', 273, 9, 7, '2019-07-28 00:03:01', '2019-07-28 00:03:01'),
(392, 'qui', 'Quisquam dolores quis illo eius perferendis veritatis aut. Veritatis totam minus et culpa occaecati modi. Voluptatibus aut consequatur harum blanditiis quas nobis. Voluptate dolores optio distinctio omnis. Sed qui dignissimos qui et sed facere possimus.', 347, 6, 26, '2019-07-28 00:03:01', '2019-07-28 00:03:01'),
(393, 'commodi', 'Quibusdam tempora officiis excepturi explicabo vitae occaecati voluptas. Sed tenetur omnis quos et ut ad. Aperiam rerum quasi libero ea officia sit et autem.', 134, 4, 25, '2019-07-28 00:03:01', '2019-07-28 00:03:01'),
(394, 'omnis', 'Sed et corrupti et. Praesentium maxime omnis et in error distinctio illum. Ut ea dolore id rerum quia. Fuga sunt eos impedit velit eligendi magnam at.', 294, 7, 15, '2019-07-28 00:03:01', '2019-07-28 00:03:01'),
(395, 'dolor', 'Sunt maxime et qui quis enim perspiciatis. Et quia voluptas ut nam nulla consequuntur et. Sint asperiores vitae asperiores itaque est. Ad odit et expedita est et doloremque enim. Minus ipsum explicabo architecto.', 887, 4, 26, '2019-07-28 00:03:01', '2019-07-28 00:03:01'),
(396, 'adipisci', 'Optio unde enim perspiciatis. Pariatur ad voluptatem earum est magnam soluta sint natus. Non sunt aut nesciunt magnam veniam dicta.', 782, 7, 22, '2019-07-28 00:03:01', '2019-07-28 00:03:01'),
(397, 'similique', 'Laboriosam blanditiis quo incidunt accusamus. Et blanditiis dignissimos rerum.', 257, 2, 4, '2019-07-28 00:03:01', '2019-07-28 00:03:01'),
(398, 'consectetur', 'Quaerat inventore quam aut saepe vel exercitationem impedit nam. Libero cupiditate necessitatibus enim optio reiciendis vel. Qui voluptates ullam est velit. Tempore mollitia et iusto enim.', 435, 3, 25, '2019-07-28 00:03:01', '2019-07-28 00:03:01'),
(399, 'sit', 'Qui ipsa repudiandae nostrum fugit molestiae hic debitis praesentium. Dignissimos reprehenderit ut architecto aut totam sit sunt aut. Omnis ipsam laborum occaecati. Sunt nisi in similique qui quia consequatur.', 702, 5, 27, '2019-07-28 00:03:02', '2019-07-28 00:03:02'),
(400, 'voluptas', 'Eius autem ratione consequatur beatae aut. Non quaerat accusamus aut repellat consequatur animi et. Et cum maxime magnam in omnis quos dolorem. Tenetur voluptas rerum molestiae illo sequi sequi.', 111, 6, 14, '2019-07-28 00:03:02', '2019-07-28 00:03:02');

-- --------------------------------------------------------

--
-- Table structure for table `reviews`
--

CREATE TABLE `reviews` (
  `id` int(10) UNSIGNED NOT NULL,
  `product_id` int(10) UNSIGNED NOT NULL,
  `customer` varchar(255) COLLATE utf8mb4_unicode_ci NOT NULL,
  `review` text COLLATE utf8mb4_unicode_ci NOT NULL,
  `star` int(11) NOT NULL,
  `created_at` timestamp NULL DEFAULT NULL,
  `updated_at` timestamp NULL DEFAULT NULL
) ENGINE=InnoDB DEFAULT CHARSET=utf8mb4 COLLATE=utf8mb4_unicode_ci;

--
-- Dumping data for table `reviews`
--

INSERT INTO `reviews` (`id`, `product_id`, `customer`, `review`, `star`, `created_at`, `updated_at`) VALUES
(1, 377, 'Esther Bruen', 'Magnam et ea et ab accusantium laudantium quis quas. Doloribus sit dolorem in. Numquam iste aut et eligendi autem expedita quis in.', 5, '2019-07-28 00:03:04', '2019-07-28 00:03:04'),
(2, 383, 'Dr. Noelia Strosin PhD', 'Quia voluptatem molestiae rerum aut ut. Consectetur omnis voluptas at et ratione laborum. Qui aut quia quod qui et qui ratione.', 4, '2019-07-28 00:03:04', '2019-07-28 00:03:04'),
(3, 382, 'Prof. Ezekiel Muller', 'Adipisci quasi non tempore aspernatur voluptatem. Sunt sit magnam qui ea. Autem expedita nemo in nemo earum. Rerum sunt rerum magnam excepturi soluta.', 0, '2019-07-28 00:03:04', '2019-07-28 00:03:04'),
(4, 362, 'Dr. Jacey Steuber DDS', 'Et dolorum consectetur accusamus nisi culpa molestiae voluptates. Voluptatibus voluptatem aspernatur consequuntur quibusdam atque. Ut iusto aut corporis provident perferendis.', 3, '2019-07-28 00:03:04', '2019-07-28 00:03:04'),
(5, 373, 'Prof. Dell West MD', 'Tempore culpa iusto adipisci voluptas laborum asperiores voluptas doloribus. Nemo vel nihil assumenda. Alias fugit eum doloribus enim.', 4, '2019-07-28 00:03:04', '2019-07-28 00:03:04'),
(6, 367, 'Axel Sanford', 'Voluptas dolorem inventore sapiente ut. Repellat corporis incidunt eius accusantium itaque. Repellendus voluptatem et ut quaerat ipsum.', 3, '2019-07-28 00:03:04', '2019-07-28 00:03:04'),
(7, 382, 'Zena Mosciski', 'Sit tenetur totam in pariatur atque consequatur ut ut. Non facilis et vitae amet. Est dolores et dolores beatae consequuntur aut. Voluptatem nulla perspiciatis et perspiciatis et sunt.', 2, '2019-07-28 00:03:04', '2019-07-28 00:03:04'),
(8, 364, 'Prof. Monroe Stoltenberg PhD', 'Ipsam nihil ut esse ipsum. Quia quia sit modi esse rerum voluptas vel. Ipsa beatae rerum nihil vitae quis quis. Cum deleniti nisi suscipit ut ad aut repellendus.', 3, '2019-07-28 00:03:04', '2019-07-28 00:03:04'),
(9, 379, 'Kaley Zieme', 'Autem nesciunt quisquam eum. Deserunt tempora officia corporis. Ipsa labore quam voluptas alias sunt dolorum. Velit blanditiis quo perferendis dolore accusantium.', 4, '2019-07-28 00:03:04', '2019-07-28 00:03:04'),
(10, 381, 'Mrs. Gracie Hoeger I', 'Perferendis dolorem incidunt unde aut ea dolorem cumque. Repellat est in expedita sunt qui qui. Vel nemo et inventore ab autem ea magni odio.', 3, '2019-07-28 00:03:04', '2019-07-28 00:03:04'),
(11, 356, 'Alba Jerde', 'Voluptatibus deserunt quis rerum consequatur doloremque sunt aut. Et voluptatem tenetur autem sed. Fuga atque earum est expedita magni deserunt est aliquam. Et rerum officiis dolorem quis facilis. Architecto eligendi enim sapiente et animi neque beatae.', 4, '2019-07-28 00:03:04', '2019-07-28 00:03:04'),
(12, 352, 'Esmeralda Gleason', 'Totam ad laudantium cupiditate saepe fugit. Qui ipsum eum qui ex vel odio repellendus. Dolorem in quis numquam laboriosam.', 1, '2019-07-28 00:03:05', '2019-07-28 00:03:05'),
(13, 390, 'Mr. Johnnie Bernier PhD', 'Nemo autem eaque veniam vero blanditiis quia officiis. Aut eius dicta et esse ea et. Vitae qui aut repellat nobis quis et occaecati similique. Voluptatem illum ea et animi.', 2, '2019-07-28 00:03:05', '2019-07-28 00:03:05'),
(14, 384, 'Dr. Marietta Kiehn IV', 'Culpa blanditiis voluptatem veniam laborum. Ab asperiores debitis ipsam asperiores ex. Facilis similique expedita sed sit officiis nam sed dolorem. Sint aliquid facilis aspernatur dolorum sunt et voluptas. Ut doloribus repudiandae modi voluptatem et inventore.', 0, '2019-07-28 00:03:05', '2019-07-28 00:03:05'),
(15, 386, 'Ottilie Corkery', 'Quo reiciendis nihil voluptatem tempore. Nihil itaque nemo dolor officiis corrupti amet consectetur. Ipsum similique aut natus porro. Veritatis rem blanditiis qui magnam.', 1, '2019-07-28 00:03:05', '2019-07-28 00:03:05'),
(16, 369, 'Kathlyn Hudson', 'Doloribus error dolores omnis natus. Beatae iste iure veniam ut est velit. Sapiente odio quis laboriosam repellendus.', 3, '2019-07-28 00:03:05', '2019-07-28 00:03:05'),
(17, 389, 'Prof. Ramon Kemmer', 'Tempora nihil fugit commodi hic tempora similique. Ut aut quidem sed vero maxime.', 2, '2019-07-28 00:03:05', '2019-07-28 00:03:05'),
(18, 397, 'Prof. Herbert Nikolaus DVM', 'Nemo necessitatibus quaerat neque temporibus quas dolores repellendus. Deleniti maiores minima ut provident. Optio nisi sunt eveniet temporibus. Et deleniti adipisci et.', 4, '2019-07-28 00:03:05', '2019-07-28 00:03:05'),
(19, 361, 'Heather Marquardt', 'Est voluptatum occaecati labore. Quod repellendus eos quae sint expedita non dolorem facilis. Quo sequi repellendus sunt inventore tempore.', 1, '2019-07-28 00:03:05', '2019-07-28 00:03:05'),
(20, 361, 'Eliane Yundt', 'Illo enim illum amet inventore. Illum soluta eum quia. Veritatis fugiat animi et maxime sit. Dicta consectetur maiores saepe. Sit aliquid in ducimus porro est.', 5, '2019-07-28 00:03:05', '2019-07-28 00:03:05'),
(21, 375, 'Alize Reichel', 'Et atque non nihil nihil quam. Ipsam est ex libero. Dolores vel consectetur commodi. Vel atque officiis nemo.', 3, '2019-07-28 00:03:05', '2019-07-28 00:03:05'),
(22, 374, 'Autumn Cartwright', 'Magni rerum saepe provident consequatur. Aspernatur dicta possimus sint laudantium amet quam. Quis cum eaque rem autem. Illum beatae sunt quis deleniti.', 5, '2019-07-28 00:03:05', '2019-07-28 00:03:05'),
(23, 359, 'Corrine Eichmann', 'Quo dolorem optio porro corrupti est. Reiciendis quia perspiciatis consequatur animi qui eius consequatur. Quibusdam quae tempora voluptatibus ab iusto nesciunt animi. Voluptatem repellendus voluptatem autem.', 3, '2019-07-28 00:03:05', '2019-07-28 00:03:05'),
(24, 379, 'Derick Pagac', 'Omnis ut recusandae fugit. Facere non excepturi reprehenderit dolores. Repudiandae doloribus quibusdam voluptas quam incidunt sint enim.', 1, '2019-07-28 00:03:05', '2019-07-28 00:03:05'),
(25, 351, 'Marisol Cronin', 'Fuga assumenda facilis a. Ut earum dolores odio quo unde officiis ducimus. Suscipit quis odit ad eius perspiciatis molestiae laudantium. Eligendi porro nihil occaecati sit est tempore quis. Harum illum fugit voluptas.', 3, '2019-07-28 00:03:05', '2019-07-28 00:03:05'),
(26, 370, 'Mr. Rodolfo Mertz', 'Dolorum quo ipsam optio. Aut dolorum fuga sequi et in.', 5, '2019-07-28 00:03:05', '2019-07-28 00:03:05'),
(27, 373, 'Mr. Caleb O\'Conner', 'Reprehenderit ipsa qui ut excepturi voluptatum asperiores impedit dignissimos. Ullam qui ut eos et eveniet. Iste soluta illum omnis modi alias est recusandae ut.', 3, '2019-07-28 00:03:05', '2019-07-28 00:03:05'),
(28, 386, 'Kamren Klocko', 'Sit et aut et sit. Quam et iusto aut hic et nisi et quo. Dicta mollitia aspernatur voluptas. Voluptatibus fugit sapiente molestiae omnis vitae assumenda accusamus. Fugit aperiam dolor fugit.', 0, '2019-07-28 00:03:05', '2019-07-28 00:03:05'),
(29, 371, 'Dr. Dillon Vandervort', 'In ea velit natus est velit ab. Temporibus quos voluptatem amet animi voluptas repudiandae qui dicta. Aspernatur repellendus voluptatem modi earum numquam illum odit.', 1, '2019-07-28 00:03:06', '2019-07-28 00:03:06'),
(30, 378, 'Jody Dibbert IV', 'Commodi est accusantium veritatis deleniti. Et non modi architecto quo id et sit omnis. At beatae amet veritatis assumenda.', 3, '2019-07-28 00:03:06', '2019-07-28 00:03:06'),
(31, 362, 'Dr. Lori Rohan', 'Rerum animi iure ad cum. Dolorem sed dolores doloribus ut. Et ducimus magni quidem illo libero qui aut quod. Reprehenderit vel est aut.', 5, '2019-07-28 00:03:06', '2019-07-28 00:03:06'),
(32, 355, 'Leslie Hickle', 'Architecto incidunt molestiae dolore iusto doloremque ab assumenda. Consequatur ipsam praesentium veniam. Voluptatem nobis modi blanditiis. Rerum omnis repellat facilis veritatis ad vel.', 5, '2019-07-28 00:03:06', '2019-07-28 00:03:06'),
(33, 395, 'Lacy Littel', 'Aspernatur quod blanditiis voluptatum quos omnis et. Iusto soluta amet illo architecto rerum totam numquam. Non reiciendis dolor accusamus ea dolor dignissimos eos. Illum cumque ut rerum aut voluptas sunt.', 2, '2019-07-28 00:03:06', '2019-07-28 00:03:06'),
(34, 392, 'Frankie Hill', 'Id nulla mollitia tempore eum aut error omnis. Dolor cum dolores doloribus veniam. Aut neque ex itaque dolor et corrupti aliquid. Aut blanditiis animi alias velit nesciunt nihil.', 4, '2019-07-28 00:03:06', '2019-07-28 00:03:06'),
(35, 397, 'Dr. Hassie Ferry II', 'Architecto aut sunt eos id aut et. Reiciendis quas aliquid sit unde qui qui. Eum dicta voluptatem assumenda quisquam quia sed. Ut sint voluptatibus eius non.', 4, '2019-07-28 00:03:06', '2019-07-28 00:03:06'),
(36, 369, 'Jamison Friesen', 'Vitae asperiores non fugit voluptatibus corporis ipsum quis at. Maxime atque at omnis commodi. Aut ipsa minima quisquam qui nihil.', 0, '2019-07-28 00:03:06', '2019-07-28 00:03:06'),
(37, 397, 'Caroline Bergnaum', 'Soluta quia eum commodi sunt eos veniam qui. Quae vel repellat sit id. Quis dolorum dolor est eaque minus sit.', 4, '2019-07-28 00:03:06', '2019-07-28 00:03:06'),
(38, 382, 'Alexandre Rippin', 'Sapiente ipsum magnam blanditiis voluptatibus deleniti repudiandae ut. Commodi porro voluptatem impedit dolores quis mollitia. Saepe hic inventore at. Maiores ratione occaecati reiciendis et.', 0, '2019-07-28 00:03:06', '2019-07-28 00:03:06'),
(39, 397, 'Marlee Bechtelar V', 'Deserunt sint adipisci in ratione ratione. Atque magnam placeat natus quae similique doloribus. Eveniet omnis rerum sed animi officia ab. Ab tempora distinctio reprehenderit veritatis excepturi eos. Nisi dolorem dolores rerum aut.', 3, '2019-07-28 00:03:06', '2019-07-28 00:03:06'),
(40, 377, 'Jolie Wuckert', 'Quia eaque voluptatem aut quis. Aut quidem placeat recusandae quis. Aspernatur et vel occaecati dolorem sequi quae.', 2, '2019-07-28 00:03:06', '2019-07-28 00:03:06'),
(41, 391, 'Dr. Shaun Mayert', 'Delectus eos ut repellat nostrum natus. Necessitatibus voluptatibus possimus voluptate dolorum eum rerum a perferendis.', 0, '2019-07-28 00:03:06', '2019-07-28 00:03:06'),
(42, 355, 'Arjun Murray MD', 'Sapiente quibusdam autem sit omnis. Placeat vitae est expedita consequatur ab optio.', 4, '2019-07-28 00:03:06', '2019-07-28 00:03:06'),
(43, 367, 'Kiana Kulas', 'Autem quia corrupti nam eum ea minus amet a. Id modi voluptas esse esse non. Iure sed alias est in quas repudiandae expedita. Asperiores itaque tempora aspernatur. Alias eum et voluptatem ut.', 5, '2019-07-28 00:03:06', '2019-07-28 00:03:06'),
(44, 370, 'Ms. Nola Braun MD', 'Autem quod culpa repellendus incidunt. Itaque iure consectetur enim debitis. Sunt omnis cum totam ab facilis rerum facere ea. Consequatur optio autem expedita quidem dolorum sint.', 2, '2019-07-28 00:03:06', '2019-07-28 00:03:06'),
(45, 354, 'Blanca Balistreri', 'Quisquam ad cupiditate ad impedit veniam. Omnis sunt omnis necessitatibus voluptas asperiores tempore ipsam. Dicta est blanditiis voluptatem consequatur.', 0, '2019-07-28 00:03:06', '2019-07-28 00:03:06'),
(46, 380, 'Ruthie Schumm', 'Excepturi optio voluptatum dolores soluta odit. Dolores quam eveniet quasi rerum ratione optio dignissimos. Nostrum id quae hic. Non tenetur mollitia ut fuga deserunt et eos.', 0, '2019-07-28 00:03:06', '2019-07-28 00:03:06'),
(47, 385, 'Dr. Edmond Hahn', 'Sint temporibus temporibus mollitia et quod in. Ut quia tempore est. Iste minima quidem unde perspiciatis voluptas qui.', 5, '2019-07-28 00:03:07', '2019-07-28 00:03:07'),
(48, 365, 'Ivy Pagac Sr.', 'Rem laudantium ratione ut est labore quibusdam est. Impedit temporibus quas ut consequuntur autem accusamus. Repellat blanditiis a autem ullam nihil. Sint voluptatum et ut aut occaecati at.', 0, '2019-07-28 00:03:07', '2019-07-28 00:03:07'),
(49, 382, 'Prof. Jermey Lebsack', 'Ex autem voluptas a unde aliquid. Aut accusantium dolorem blanditiis. Eum qui minus enim incidunt asperiores numquam ut. Qui cumque consequatur minima labore impedit.', 5, '2019-07-28 00:03:07', '2019-07-28 00:03:07'),
(50, 388, 'Mr. Eldred Jakubowski', 'Et qui illo magni et itaque. Voluptas sint aut quis rerum commodi qui harum. Autem ut consequatur voluptatem placeat nesciunt quo perspiciatis.', 1, '2019-07-28 00:03:07', '2019-07-28 00:03:07'),
(51, 364, 'Miss Abigayle Wintheiser PhD', 'Quos et rerum voluptatibus rerum aut. At veniam consequatur dolores beatae perferendis nobis.', 1, '2019-07-28 00:03:07', '2019-07-28 00:03:07'),
(52, 382, 'Althea Stokes', 'Veritatis quam ad ut minus. Qui aliquam aperiam quia aperiam odit ipsum. Mollitia ipsam sed magni qui adipisci ducimus.', 2, '2019-07-28 00:03:07', '2019-07-28 00:03:07'),
(53, 380, 'Micheal Abernathy', 'Occaecati tempore doloremque numquam repudiandae iure. Laborum corporis vitae quos et illo. Qui non delectus eos neque.', 4, '2019-07-28 00:03:07', '2019-07-28 00:03:07'),
(54, 364, 'Miss Breanne Trantow Jr.', 'Ut autem similique incidunt. Dolorum ipsa aperiam iste id porro dicta. Quos ea fuga unde magni sequi suscipit quisquam. Totam assumenda repudiandae tempore velit quibusdam.', 4, '2019-07-28 00:03:07', '2019-07-28 00:03:07'),
(55, 351, 'Eileen Barton', 'Quaerat alias nihil nobis fugiat. Totam harum eum fugit rerum. Soluta harum maxime exercitationem architecto quos et.', 3, '2019-07-28 00:03:07', '2019-07-28 00:03:07'),
(56, 387, 'Dr. Hans Adams', 'Doloribus consectetur dolorum exercitationem voluptatem eius sint. Culpa asperiores unde ut quibusdam fuga laboriosam magnam. Enim quis accusamus voluptas et quas et natus.', 4, '2019-07-28 00:03:07', '2019-07-28 00:03:07'),
(57, 398, 'Braxton Walter', 'Dignissimos adipisci tenetur molestias voluptatibus aut. Voluptas molestias esse possimus rerum. Ut corrupti sapiente praesentium suscipit. Qui odio expedita quam.', 2, '2019-07-28 00:03:07', '2019-07-28 00:03:07'),
(58, 360, 'Florian Rogahn', 'Delectus sapiente et quis et. Id veritatis excepturi sed ut itaque assumenda officia.', 5, '2019-07-28 00:03:07', '2019-07-28 00:03:07'),
(59, 372, 'Bo Lowe', 'Consequatur delectus eaque amet sed quidem ut. Alias non incidunt earum sequi et neque dolor. Temporibus eaque voluptatum sit laboriosam numquam. Harum natus est dicta placeat impedit distinctio.', 4, '2019-07-28 00:03:07', '2019-07-28 00:03:07'),
(60, 379, 'Cecil Beier DVM', 'Impedit enim et quos aperiam eaque. Odio quas ut reiciendis aut aliquid necessitatibus. Rerum iusto ut voluptatem labore sed cupiditate voluptates.', 2, '2019-07-28 00:03:07', '2019-07-28 00:03:07'),
(61, 360, 'Miss Emma Maggio', 'Non earum corporis fuga ut aliquid. Velit ipsam laboriosam ad dolore neque. Enim qui architecto voluptatem sit atque sit qui.', 2, '2019-07-28 00:03:07', '2019-07-28 00:03:07'),
(62, 385, 'Prof. Ubaldo Howe', 'Nulla repellendus vitae reprehenderit maxime quibusdam. Dolorum iusto qui deserunt dolorem iusto veritatis magni. Numquam perferendis cumque eum voluptas sint. Dolore vitae sed rerum.', 0, '2019-07-28 00:03:07', '2019-07-28 00:03:07'),
(63, 358, 'Price Abbott', 'Sit vero ea officiis voluptate quae ipsam quasi. Recusandae accusantium sed aut non in natus. Repudiandae vel voluptas magnam unde tenetur. Nam et dolorem earum ut omnis et aut. Voluptatem distinctio et impedit animi est.', 0, '2019-07-28 00:03:07', '2019-07-28 00:03:07'),
(64, 382, 'Talon Yundt PhD', 'In quia esse et. Consequatur accusantium maiores expedita dolor qui rem. Itaque praesentium est molestiae.', 3, '2019-07-28 00:03:07', '2019-07-28 00:03:07'),
(65, 360, 'Mr. Maxwell Witting I', 'Culpa eos possimus aut asperiores corporis consequatur sunt. Eligendi sit omnis quibusdam nulla cupiditate velit quo.', 3, '2019-07-28 00:03:07', '2019-07-28 00:03:07'),
(66, 398, 'Carli Sipes', 'Eaque voluptatem sequi quas impedit. Repellat et dolores dolores. Architecto et eveniet saepe at neque aut assumenda est.', 3, '2019-07-28 00:03:07', '2019-07-28 00:03:07'),
(67, 378, 'Mrs. Heath Hansen', 'Aperiam nesciunt et voluptatem quia voluptas. Mollitia illo sit nam optio exercitationem. Magnam repudiandae odio non est.', 2, '2019-07-28 00:03:08', '2019-07-28 00:03:08'),
(68, 386, 'Ashtyn Gleichner', 'Repudiandae eos eaque voluptates rem reiciendis molestias adipisci. Repellendus consequatur eaque ab quisquam. Enim dolore similique est.', 3, '2019-07-28 00:03:08', '2019-07-28 00:03:08'),
(69, 360, 'Prof. Gussie Schumm DVM', 'Hic molestias incidunt corporis. Asperiores fugit magni quas placeat delectus. Rem corrupti et voluptas eos ipsa magni. Mollitia ipsam deserunt eveniet consequatur corporis eum.', 4, '2019-07-28 00:03:08', '2019-07-28 00:03:08'),
(70, 378, 'Hillard Lind', 'Earum quam aut alias molestiae minus quos eos. Sit modi doloremque rerum unde. Esse omnis voluptas voluptatibus a.', 3, '2019-07-28 00:03:08', '2019-07-28 00:03:08'),
(71, 398, 'Miss Charity Quigley', 'Ut eligendi alias et voluptas aperiam illum. Quia ut repudiandae minus repellendus molestiae. Est repellat et voluptatem et praesentium placeat sunt. Aut debitis numquam sit dicta voluptatem qui totam.', 3, '2019-07-28 00:03:08', '2019-07-28 00:03:08'),
(72, 382, 'Lisa Mueller', 'Exercitationem nostrum temporibus tenetur iure debitis provident nihil. Voluptas provident aliquid quo veritatis et. Sunt commodi sed accusamus ut consequatur. Totam quia id aut possimus.', 5, '2019-07-28 00:03:08', '2019-07-28 00:03:08'),
(73, 399, 'Sabina Ebert', 'Id numquam quibusdam illo et ut. Animi possimus facilis vitae ab amet voluptas.', 2, '2019-07-28 00:03:09', '2019-07-28 00:03:09'),
(74, 389, 'Louie Schimmel', 'Quos nemo eos rerum libero nobis commodi. Inventore et sint tenetur iste unde et voluptas repellendus. Ipsam sint sed quis natus alias dolor voluptatem. Explicabo accusantium aperiam aut repudiandae libero. Eum accusantium ut ullam quia.', 1, '2019-07-28 00:03:09', '2019-07-28 00:03:09'),
(75, 368, 'Dr. Elinor Runte', 'Amet nam error aut non repudiandae. Doloribus nostrum dolor non culpa vel. Similique aut aspernatur voluptatibus illo dignissimos.', 2, '2019-07-28 00:03:09', '2019-07-28 00:03:09'),
(76, 382, 'Tremayne Torphy', 'Sunt dolores deleniti quisquam fugiat ab. Ipsa molestias exercitationem consequatur dolorem deserunt laudantium ut. In voluptates ipsam minus esse dolorum sequi perferendis.', 4, '2019-07-28 00:03:09', '2019-07-28 00:03:09'),
(77, 384, 'Demarcus Windler', 'Fuga ea numquam quae recusandae porro cum cum hic. Odit nam sequi nesciunt facilis. Rem unde adipisci odio velit ipsam natus dolorum. Debitis impedit beatae omnis placeat hic voluptatem.', 0, '2019-07-28 00:03:09', '2019-07-28 00:03:09'),
(78, 352, 'Gladys Shields', 'Aut ab ducimus voluptas id tenetur voluptatum et. In ut molestiae dolorem reprehenderit et fugiat nesciunt esse. Deleniti inventore quia odio molestiae. In nesciunt repellendus libero similique rerum laborum.', 5, '2019-07-28 00:03:09', '2019-07-28 00:03:09'),
(79, 397, 'Mr. Chelsey Daugherty', 'Placeat a impedit doloremque laborum. Eum non non consequatur tenetur porro fuga. Enim temporibus vero recusandae qui illum ipsam quo. Nihil quia sint qui. Consequatur eos enim eos dicta.', 1, '2019-07-28 00:03:09', '2019-07-28 00:03:09'),
(80, 390, 'Mrs. Breanna Deckow V', 'Minus unde eaque necessitatibus. Eos accusantium et natus molestiae quisquam. Voluptatem quos velit voluptas sit. Et officiis dolor delectus inventore tempore omnis rerum.', 1, '2019-07-28 00:03:09', '2019-07-28 00:03:09'),
(81, 363, 'Annabell Schmitt', 'Dolorem nam et rerum sunt nostrum quasi et. Corrupti laboriosam voluptate perferendis optio ea. Accusamus nam repellat similique. Consequatur enim vel laboriosam ad assumenda voluptatem.', 5, '2019-07-28 00:03:09', '2019-07-28 00:03:09'),
(82, 374, 'Prof. Elliot Funk', 'Quia est et necessitatibus. Quae rerum et facere cum vero. Quis aspernatur dolorem cum nemo et cupiditate adipisci. Pariatur incidunt sunt autem.', 4, '2019-07-28 00:03:09', '2019-07-28 00:03:09'),
(83, 387, 'Tristian Terry', 'Fuga commodi enim quisquam quasi aperiam sunt. Odio quisquam ex quod ipsam tempora veniam expedita distinctio. Ea vitae voluptates illo praesentium. Facilis et aut quia ipsa occaecati non autem.', 0, '2019-07-28 00:03:09', '2019-07-28 00:03:09'),
(84, 364, 'Toni Kuhlman I', 'Non illo quasi animi aut laudantium enim. Sunt suscipit ea inventore. Laudantium fugiat minima architecto aut. Atque ex aperiam repellat.', 3, '2019-07-28 00:03:09', '2019-07-28 00:03:09'),
(85, 389, 'Ima Davis', 'Qui sint qui incidunt fugit quis aut sint. Ut dolorum maxime eum aliquam eum. Dolore sit culpa culpa aliquid eum qui reprehenderit est.', 3, '2019-07-28 00:03:09', '2019-07-28 00:03:09'),
(86, 355, 'Herbert Harris', 'Aliquid similique ut sapiente sit. Unde suscipit dicta quaerat voluptatibus est omnis.', 1, '2019-07-28 00:03:10', '2019-07-28 00:03:10'),
(87, 396, 'Garnett Purdy DVM', 'Nihil ut minus saepe vero autem velit. Tempora aut ea porro impedit nihil voluptas. Iste cum doloremque voluptas quia. Odio voluptatem fugit ipsam amet eveniet.', 2, '2019-07-28 00:03:10', '2019-07-28 00:03:10'),
(88, 372, 'Heaven O\'Hara', 'Labore inventore enim fugiat. Dignissimos velit quibusdam doloremque repellendus. Molestiae occaecati mollitia quasi illo. Voluptas enim sed consectetur non iste et.', 2, '2019-07-28 00:03:10', '2019-07-28 00:03:10'),
(89, 383, 'Winona Kirlin', 'Magnam sed odit laudantium ut et repellat ratione. Qui nulla minima omnis dicta. Maxime facilis nemo facilis earum. At reiciendis sit eos eum mollitia optio id minus.', 2, '2019-07-28 00:03:10', '2019-07-28 00:03:10'),
(90, 371, 'Verdie Gerlach', 'Cum ratione cumque quis beatae distinctio ut. Aut possimus consectetur neque nobis sed in. Esse et accusantium et numquam ut atque voluptatem.', 5, '2019-07-28 00:03:10', '2019-07-28 00:03:10'),
(91, 370, 'Edwina Stanton', 'Voluptate praesentium consequatur et. Asperiores suscipit tempora adipisci sunt nihil quisquam. Ipsa autem dolorum quibusdam ad eos eos dolor. Voluptates corrupti iure aut provident.', 3, '2019-07-28 00:03:10', '2019-07-28 00:03:10'),
(92, 391, 'Dr. Domenick Hoppe', 'Enim dolorem aut sit enim delectus. Cupiditate non perspiciatis vero a reiciendis. Et assumenda aliquam et nesciunt. Quia quis libero rem sunt maiores cum.', 2, '2019-07-28 00:03:10', '2019-07-28 00:03:10'),
(93, 392, 'Herta Russel', 'Eos officia quas maxime maiores ut voluptas. Et sit libero et minima. Accusamus blanditiis vero minima laborum.', 0, '2019-07-28 00:03:10', '2019-07-28 00:03:10'),
(94, 386, 'Kathryne Carter II', 'Aut dolorem nisi enim harum. Numquam aut est est repudiandae assumenda numquam. Placeat harum aliquid eos corporis.', 3, '2019-07-28 00:03:10', '2019-07-28 00:03:10'),
(95, 372, 'Prof. Jorge Fadel III', 'Incidunt quia sunt velit est delectus. Dicta ut est numquam. Tempora cum aliquid dolorum voluptatem vitae voluptate et. Quis nam mollitia modi quasi unde ex.', 5, '2019-07-28 00:03:10', '2019-07-28 00:03:10'),
(96, 382, 'Devin Lang', 'Aliquam aliquam earum sed hic blanditiis autem assumenda. Dolores cumque aut adipisci porro iure. Aperiam odio nobis suscipit molestiae nihil. Harum sunt quas repellendus. Earum delectus velit et maiores nihil qui.', 1, '2019-07-28 00:03:10', '2019-07-28 00:03:10'),
(97, 400, 'Brycen Harber III', 'Minima commodi rerum voluptatum maxime sint neque placeat. Unde sit dolorem unde numquam illo qui. Alias ea non aperiam temporibus.', 2, '2019-07-28 00:03:10', '2019-07-28 00:03:10'),
(98, 372, 'Michele Beahan', 'Ipsa ullam veritatis et. Eveniet magnam sed nostrum perspiciatis dolorem. Quaerat vitae aut ratione quam rerum velit ut.', 4, '2019-07-28 00:03:11', '2019-07-28 00:03:11'),
(99, 381, 'Mr. Leopoldo Halvorson DDS', 'Assumenda similique ullam et. Consequatur eum omnis reiciendis. Et commodi similique non qui distinctio.', 0, '2019-07-28 00:03:11', '2019-07-28 00:03:11'),
(100, 389, 'Dr. Dan Nitzsche', 'Est doloremque aut ullam ut veritatis quidem animi ea. Asperiores blanditiis voluptatem voluptas ut eum. Dignissimos aut sapiente sit vitae. Sed ipsum temporibus dolorum ea aut debitis tempora.', 4, '2019-07-28 00:03:11', '2019-07-28 00:03:11'),
(101, 390, 'Miss River Fritsch Jr.', 'Sed dolorem est aut dolorum incidunt corporis. Rerum voluptas fuga beatae ut vitae. Sequi neque consectetur voluptatum unde alias delectus est.', 1, '2019-07-28 00:03:11', '2019-07-28 00:03:11'),
(102, 392, 'Prof. Bertha VonRueden', 'Totam velit a voluptatem dolorem ut dolores voluptas dolorum. Hic illum ut quas eligendi et ut sint. Expedita incidunt et fuga pariatur.', 3, '2019-07-28 00:03:11', '2019-07-28 00:03:11'),
(103, 400, 'Mr. Dameon Runolfsdottir', 'Illo sequi veniam eveniet modi ratione laudantium corporis. Deserunt ex vitae ducimus corporis culpa nulla impedit. Eum tempore inventore quibusdam eveniet. Nam sed et iste.', 0, '2019-07-28 00:03:11', '2019-07-28 00:03:11'),
(104, 398, 'Hannah Shanahan Sr.', 'Dolores qui saepe hic. Ut doloremque exercitationem et velit excepturi nihil. Nesciunt facere quaerat tempora rerum numquam sed quibusdam. Aut repudiandae sit labore rerum necessitatibus sed.', 5, '2019-07-28 00:03:11', '2019-07-28 00:03:11'),
(105, 376, 'Prof. Garrison Streich V', 'Consequuntur impedit at pariatur enim. Et ab odit vel aut. Voluptas labore rerum voluptatem atque. Necessitatibus repellat illo sit qui quisquam dolor est.', 4, '2019-07-28 00:03:11', '2019-07-28 00:03:11'),
(106, 400, 'Annamarie Luettgen', 'Et minus quae quis. Repellat laborum nihil quia veniam repellat. Natus unde earum nam omnis facere reiciendis dicta.', 4, '2019-07-28 00:03:11', '2019-07-28 00:03:11'),
(107, 370, 'Dolores Heathcote', 'Voluptas repellat possimus id autem ullam dolorem optio. Non tenetur ullam distinctio porro. Distinctio sunt voluptas ipsa.', 3, '2019-07-28 00:03:11', '2019-07-28 00:03:11'),
(108, 394, 'Ms. Elvera Morar', 'Quis tempore et voluptas consequatur magni. Animi sed voluptatibus neque a qui qui. Et ut voluptatem eius assumenda et quos amet.', 4, '2019-07-28 00:03:11', '2019-07-28 00:03:11'),
(109, 369, 'Jaren O\'Conner', 'Aut harum sed quae. Autem omnis itaque sed animi. Tenetur non eum neque harum labore qui placeat. Tempore repellendus omnis reiciendis voluptate dolorem omnis.', 1, '2019-07-28 00:03:11', '2019-07-28 00:03:11'),
(110, 351, 'Miss Kaya Kuphal MD', 'Consequuntur sed natus quo omnis est quibusdam beatae. Consectetur dolor voluptates aliquam minima deserunt reiciendis debitis. Fugiat officiis enim culpa praesentium voluptatibus sit voluptas. Doloribus non est illo enim qui.', 5, '2019-07-28 00:03:12', '2019-07-28 00:03:12'),
(111, 359, 'Ms. Chloe Mraz', 'Et consequatur quia similique et quaerat veritatis vel. Aliquam suscipit deserunt est ab aspernatur qui. Similique praesentium doloremque dolores quae praesentium veritatis voluptatem molestiae. Sed quis et est qui deleniti amet.', 4, '2019-07-28 00:03:12', '2019-07-28 00:03:12'),
(112, 373, 'Rickie Stark', 'Velit non omnis quod modi quia quidem. Quo doloribus voluptatibus non aut ut quibusdam.', 3, '2019-07-28 00:03:12', '2019-07-28 00:03:12'),
(113, 397, 'Dr. Norris Huel', 'Dolorem vitae culpa et error. Qui quia est consequatur et necessitatibus aspernatur ipsa. Exercitationem et distinctio nobis et. Voluptas ea velit ipsam et doloremque eos.', 4, '2019-07-28 00:03:12', '2019-07-28 00:03:12'),
(114, 392, 'Dr. Zackery Thiel', 'Voluptas voluptatem unde dignissimos minus. Fugiat enim praesentium molestiae sapiente sed hic excepturi. Quis sit corporis totam laudantium. Culpa magni similique eos eaque modi delectus optio repudiandae.', 1, '2019-07-28 00:03:12', '2019-07-28 00:03:12'),
(115, 369, 'Ursula Deckow', 'Sed ea iusto laboriosam eius est tempore hic occaecati. Voluptatem assumenda sed omnis et maxime esse accusantium. Incidunt et ipsam sunt eos. Dolorem quis eveniet eum earum recusandae rerum porro.', 2, '2019-07-28 00:03:12', '2019-07-28 00:03:12'),
(116, 352, 'Mrs. Letitia Schumm', 'Explicabo velit hic corrupti id vitae. Saepe recusandae cupiditate ipsa omnis. Ut quam voluptatem voluptas ipsam ea eaque quasi. Praesentium voluptatibus qui voluptas voluptatem amet quo error.', 3, '2019-07-28 00:03:12', '2019-07-28 00:03:12'),
(117, 399, 'Dr. Alanna Lehner DVM', 'Rerum unde ullam cum veritatis occaecati repellendus. Quia tempore cum odit nemo qui perferendis quo. Aut natus rem aut ex eos.', 3, '2019-07-28 00:03:13', '2019-07-28 00:03:13'),
(118, 386, 'Mrs. Antoinette Miller V', 'Nisi vitae quo voluptate impedit sint velit ea. Deleniti qui molestiae sint.', 4, '2019-07-28 00:03:13', '2019-07-28 00:03:13'),
(119, 396, 'Dr. Arvel Zulauf DDS', 'Et quis reiciendis error aut ad est veritatis. Sit laboriosam consequatur id et. In repellendus dicta quod id nobis aliquid.', 4, '2019-07-28 00:03:13', '2019-07-28 00:03:13'),
(120, 355, 'Domingo Hoeger MD', 'Tempora aut quo consectetur qui sint at. Vero ad amet illo et quisquam saepe. Quia esse sed laborum voluptate quia.', 4, '2019-07-28 00:03:13', '2019-07-28 00:03:13'),
(121, 378, 'Alfonzo Reichert I', 'Deleniti sunt aut est ut. Commodi nesciunt facilis repellendus fugiat voluptatem et. Tempora excepturi voluptatum assumenda sed. Veniam aut reiciendis molestiae in nihil recusandae.', 1, '2019-07-28 00:03:13', '2019-07-28 00:03:13'),
(122, 397, 'Prof. Toby Wisozk II', 'Alias labore impedit maxime minus fuga placeat. Nobis corrupti et exercitationem quaerat. Magnam veritatis minus qui minus non vitae voluptas. Repellendus non delectus rerum esse officia.', 0, '2019-07-28 00:03:13', '2019-07-28 00:03:13'),
(123, 400, 'Karson Herman Jr.', 'Temporibus occaecati dolorem praesentium velit consequatur. Inventore magnam ad officiis ex assumenda.', 3, '2019-07-28 00:03:13', '2019-07-28 00:03:13'),
(124, 359, 'Jenifer Batz', 'Exercitationem perferendis rerum non molestiae. Voluptas accusantium ab accusamus aut et velit molestiae. Distinctio molestiae aliquid odit iure veritatis in ut. Tempore et soluta similique eos repellat.', 0, '2019-07-28 00:03:13', '2019-07-28 00:03:13'),
(125, 388, 'Shad Dicki', 'Ipsum quo qui est in magnam et rem et. Ratione deserunt et cumque officiis culpa cum nobis. Atque voluptas amet quia et sed eum dignissimos expedita.', 3, '2019-07-28 00:03:13', '2019-07-28 00:03:13'),
(126, 377, 'Elias Champlin PhD', 'Praesentium eum cum illo eum. Voluptatem beatae ipsa illo sunt veritatis et suscipit. Commodi natus aut pariatur et cum molestiae aut.', 1, '2019-07-28 00:03:13', '2019-07-28 00:03:13'),
(127, 389, 'Prof. Delaney Lynch I', 'Corporis eius veritatis non quasi qui doloribus consequatur voluptas. Vero quia sequi inventore voluptas. Perferendis sint et aut laboriosam minima.', 5, '2019-07-28 00:03:13', '2019-07-28 00:03:13'),
(128, 371, 'Dr. Gerry Boyer', 'Veniam et repellendus suscipit molestiae ducimus qui. Eveniet ipsa ab aut itaque qui atque occaecati. Nobis molestiae veniam numquam quis consequuntur. Dolorem enim quam est sit et reiciendis.', 0, '2019-07-28 00:03:13', '2019-07-28 00:03:13'),
(129, 362, 'Alex Pfannerstill', 'Accusamus qui earum labore excepturi dolorum aliquam est molestiae. Modi qui qui et consequatur officia qui. Quia labore earum voluptatem qui nostrum. At rem cum commodi et qui omnis. Consequatur alias soluta suscipit quas.', 3, '2019-07-28 00:03:13', '2019-07-28 00:03:13'),
(130, 387, 'Ivy Pacocha', 'Et voluptates voluptas vero neque. Ut officia ea fugiat saepe commodi quam.', 1, '2019-07-28 00:03:13', '2019-07-28 00:03:13'),
(131, 377, 'Devyn Rohan', 'Mollitia autem eum illum ut et harum quis. Nemo quae error a vel dicta in.', 2, '2019-07-28 00:03:13', '2019-07-28 00:03:13'),
(132, 355, 'Alisha Ortiz II', 'Ipsam amet qui quo aut ut nam. Temporibus ratione autem rerum impedit unde labore. Quasi nam sed aut sequi. Et perferendis quis id est fugiat id.', 1, '2019-07-28 00:03:14', '2019-07-28 00:03:14'),
(133, 357, 'Prof. Damion Klein', 'Modi quis sint et quidem autem. Veniam minima velit a atque et sit. Vel nobis voluptatem iusto quia quam ex sint.', 1, '2019-07-28 00:03:14', '2019-07-28 00:03:14'),
(134, 365, 'Jettie Hand', 'Est autem saepe atque velit explicabo ut. Nesciunt qui officia soluta voluptatem.', 5, '2019-07-28 00:03:14', '2019-07-28 00:03:14'),
(135, 356, 'Raegan Huel', 'Inventore facilis amet repudiandae voluptatibus natus expedita ab. Est molestiae doloribus vitae vitae. Quidem labore minus mollitia fugit odit. Velit aspernatur voluptates et eos est aut.', 5, '2019-07-28 00:03:14', '2019-07-28 00:03:14'),
(136, 375, 'Loraine Kris DDS', 'Officiis sit id veniam autem totam et praesentium labore. Non autem mollitia temporibus. Et sed iure ipsum culpa iusto.', 2, '2019-07-28 00:03:14', '2019-07-28 00:03:14'),
(137, 376, 'Jimmie Mayert MD', 'Corrupti voluptatem voluptatum officiis suscipit vel. Et at expedita fugit atque delectus. Exercitationem est in debitis iusto molestiae consectetur.', 5, '2019-07-28 00:03:14', '2019-07-28 00:03:14'),
(138, 352, 'Claude Satterfield', 'Laboriosam mollitia totam consequatur doloremque. Iste ut nobis voluptatum aut aliquam ut placeat. Autem excepturi eum sit.', 4, '2019-07-28 00:03:14', '2019-07-28 00:03:14'),
(139, 398, 'Laurine McKenzie', 'Explicabo aliquam et voluptatibus eveniet libero reiciendis quaerat consequatur. Sunt harum dolore deserunt quia dicta quo voluptate. Qui autem ipsam voluptatibus quod autem iusto. Quae modi recusandae voluptatem ad et. Consequuntur in ipsam quis magni vitae.', 2, '2019-07-28 00:03:14', '2019-07-28 00:03:14'),
(140, 366, 'Mazie Greenholt', 'Voluptas rerum ex aperiam quae maiores. Aut deserunt nihil veniam laudantium. Nam sed cupiditate quis suscipit voluptatum est sit. Quod eveniet non et repellat amet aut consequatur iste.', 2, '2019-07-28 00:03:14', '2019-07-28 00:03:14'),
(141, 370, 'Helene O\'Keefe V', 'Qui quas eius eos omnis. Culpa ipsa eos impedit vel error inventore quaerat. Incidunt aliquid saepe iure laborum nam cum consequatur.', 5, '2019-07-28 00:03:14', '2019-07-28 00:03:14'),
(142, 369, 'Pearline Sanford', 'Dolorem molestias officia voluptas ipsa et et quia. Voluptates enim rerum sequi rerum quaerat. Ut commodi quia quaerat et dolor iure.', 3, '2019-07-28 00:03:14', '2019-07-28 00:03:14'),
(143, 383, 'Mr. Louie Harber', 'Quod dignissimos dignissimos veniam facilis. Libero commodi velit iusto incidunt. In unde vel veritatis culpa aliquam. Et et velit saepe error.', 1, '2019-07-28 00:03:15', '2019-07-28 00:03:15'),
(144, 389, 'Prof. Barton Roob DVM', 'Consequatur nulla quae vitae. Dignissimos eveniet iste dolorum veritatis est aut dolore. Est iusto ut distinctio optio.', 1, '2019-07-28 00:03:15', '2019-07-28 00:03:15'),
(145, 353, 'Coleman Schneider', 'Deleniti amet ut voluptatem et vel nobis. Iste dolores quo ullam qui. Deserunt nesciunt sequi illum sunt facere inventore. Asperiores error est aut facere enim.', 5, '2019-07-28 00:03:15', '2019-07-28 00:03:15'),
(146, 389, 'Prof. Angelita Kohler II', 'Fugit libero in dolore et in laboriosam. Id possimus ut nesciunt. Facere voluptas eos laboriosam debitis sed nam vero. Provident qui in consectetur laboriosam vel et rerum.', 2, '2019-07-28 00:03:15', '2019-07-28 00:03:15'),
(147, 383, 'Miss Reina Gorczany', 'Delectus id quis dolor occaecati id quis ex. Ipsa qui adipisci eos quidem ex aut. Enim eaque quaerat omnis aut.', 0, '2019-07-28 00:03:15', '2019-07-28 00:03:15'),
(148, 368, 'Prof. Alf Robel', 'Quaerat at suscipit alias ex beatae quia ipsa quo. Voluptas voluptate non et facere occaecati. Tempora omnis voluptas accusamus aut occaecati doloribus dolores. Illo delectus eos occaecati minima rerum cupiditate.', 1, '2019-07-28 00:03:15', '2019-07-28 00:03:15'),
(149, 396, 'Bryon Kling', 'Consequatur sit id omnis voluptas. Cupiditate ratione animi labore nostrum quasi dicta. Quam sed mollitia ipsa sit esse id qui. Aut porro nesciunt ut necessitatibus.', 3, '2019-07-28 00:03:15', '2019-07-28 00:03:15'),
(150, 370, 'Dr. Karli Kshlerin III', 'Ut quos qui sed. Dolores distinctio ullam et quia enim aliquam. Maiores ducimus tempore blanditiis molestiae deleniti doloribus. Sit necessitatibus est exercitationem beatae.', 1, '2019-07-28 00:03:15', '2019-07-28 00:03:15'),
(151, 383, 'Isabelle Greenholt', 'Debitis explicabo ratione architecto odit non et id voluptatum. Deleniti sunt qui quis est. Qui quia numquam libero adipisci at ut aliquid.', 4, '2019-07-28 00:03:15', '2019-07-28 00:03:15'),
(152, 356, 'Monica Leuschke DVM', 'Eum omnis eveniet blanditiis rerum in dolores. Doloribus perferendis nemo sit dicta ut. Velit occaecati et beatae cum id ullam amet.', 0, '2019-07-28 00:03:15', '2019-07-28 00:03:15'),
(153, 400, 'Athena Johns', 'Sed sapiente non in aut delectus et aperiam. Deleniti qui praesentium aliquid et. Quo corrupti eaque rerum nihil sunt voluptas ut aspernatur.', 2, '2019-07-28 00:03:15', '2019-07-28 00:03:15'),
(154, 365, 'Miss Jade Batz Jr.', 'Reprehenderit excepturi maxime tenetur illum reiciendis ut. Eveniet vitae perspiciatis qui maiores. Asperiores autem iusto ut. A eos reprehenderit repellat incidunt.', 0, '2019-07-28 00:03:16', '2019-07-28 00:03:16'),
(155, 372, 'Miss Liana Lowe III', 'Consectetur ab est rerum enim aliquid fuga laborum. Facere officiis consequatur aliquam. Et consequuntur fugiat iure non optio.', 5, '2019-07-28 00:03:16', '2019-07-28 00:03:16'),
(156, 352, 'Reggie Moen', 'Velit nihil iure et consequatur numquam enim. Eius facilis sapiente adipisci est voluptate quia. Dolores doloremque aliquam minus.', 3, '2019-07-28 00:03:16', '2019-07-28 00:03:16'),
(157, 394, 'Mr. Angus Heathcote Sr.', 'Explicabo et sunt neque eum. Consequatur tempora aperiam culpa rerum. Nesciunt id facere ipsa saepe non dolores qui dolores. Ut sit soluta dolor sit debitis libero.', 2, '2019-07-28 00:03:16', '2019-07-28 00:03:16'),
(158, 375, 'Dr. Zora Stark V', 'Harum non blanditiis blanditiis earum similique dolor. Qui repellat assumenda eligendi ut quia. Nulla sint quam aspernatur nostrum fugiat occaecati nobis recusandae. Laudantium culpa doloremque omnis. Quos similique fugit ipsa et.', 5, '2019-07-28 00:03:16', '2019-07-28 00:03:16'),
(159, 364, 'Godfrey Blanda', 'Deserunt aut ut omnis odit ut. Nesciunt architecto delectus debitis eaque. Et voluptates quo blanditiis dolor non quasi possimus. Beatae rerum libero sunt ipsum dolor sapiente.', 2, '2019-07-28 00:03:16', '2019-07-28 00:03:16'),
(160, 391, 'Adrienne Collins', 'Odit qui enim nesciunt ut adipisci. Impedit fuga quam nemo iure atque alias.', 2, '2019-07-28 00:03:16', '2019-07-28 00:03:16'),
(161, 365, 'Ephraim Bogan III', 'Dolorem deleniti aut magnam ea minus consequatur eos. Culpa est eligendi suscipit qui dolor quaerat quo. Et rerum quidem eaque accusamus repudiandae est reprehenderit. Vel corrupti aut totam in quasi quos suscipit.', 4, '2019-07-28 00:03:16', '2019-07-28 00:03:16'),
(162, 372, 'Prof. Savannah Koch', 'Nisi vel similique maxime esse rerum. Recusandae atque ad nulla id laborum. Quia adipisci quia aut quod quidem aliquid corporis. Maiores nulla omnis dolorem doloribus repellendus harum et architecto.', 5, '2019-07-28 00:03:16', '2019-07-28 00:03:16'),
(163, 386, 'Mavis Collins', 'Est ut esse aut. Enim incidunt et optio voluptatum perferendis. Cum esse dolorem ut provident. Laborum quo illum ut id omnis et.', 1, '2019-07-28 00:03:16', '2019-07-28 00:03:16'),
(164, 362, 'Shad Skiles', 'Ex doloremque ut qui delectus. Iusto voluptate quibusdam debitis beatae minus itaque facilis. Magnam dolorum aut quia est.', 3, '2019-07-28 00:03:16', '2019-07-28 00:03:16'),
(165, 386, 'Dr. Vito Kirlin', 'Fugiat nisi illum sit quisquam et dolorum. Ut nemo qui vel doloremque.', 1, '2019-07-28 00:03:16', '2019-07-28 00:03:16'),
(166, 388, 'Trycia Simonis PhD', 'Dolores earum excepturi vero culpa quidem. Qui qui occaecati minus dolorem cumque cum fugiat. Est soluta et exercitationem quae omnis. Ea reiciendis voluptatem voluptate odio qui et a et.', 5, '2019-07-28 00:03:16', '2019-07-28 00:03:16'),
(167, 365, 'Mrs. Everette Paucek', 'Consequatur repellat nulla quis voluptatem aspernatur nemo. Tempore consequuntur placeat ab. Neque aspernatur ipsam est corporis rerum praesentium.', 0, '2019-07-28 00:03:16', '2019-07-28 00:03:16'),
(168, 375, 'Sage Hartmann', 'Voluptates molestiae est quia soluta exercitationem accusantium. Id consectetur dolor repellat quis accusamus. Rerum non est inventore necessitatibus in iusto.', 3, '2019-07-28 00:03:16', '2019-07-28 00:03:16'),
(169, 388, 'Eliane Collins III', 'Quas nulla veniam deleniti perferendis. Unde rerum earum qui odio illum aut. Exercitationem nihil recusandae ut cumque nulla ut. Rerum ab quia inventore facilis repudiandae temporibus.', 3, '2019-07-28 00:03:16', '2019-07-28 00:03:16'),
(170, 360, 'Mr. Garland Schinner', 'Ea dolorum eligendi saepe rerum voluptates dolor. Enim consequatur sit doloremque et numquam saepe. Eum eveniet ratione voluptatibus numquam voluptatum aut quae.', 1, '2019-07-28 00:03:16', '2019-07-28 00:03:16'),
(171, 393, 'Zechariah Satterfield DVM', 'Odit quas quaerat doloribus expedita. Delectus quam quaerat commodi totam dicta quasi eos. Veniam exercitationem ullam assumenda at.', 5, '2019-07-28 00:03:16', '2019-07-28 00:03:16'),
(172, 369, 'Mr. Kade Kunze', 'Error magni nam iste distinctio sit. Sit ipsa nesciunt quisquam. Qui qui molestias esse aut consequatur provident ullam.', 2, '2019-07-28 00:03:17', '2019-07-28 00:03:17'),
(173, 387, 'Tyson Kessler', 'Et explicabo accusantium molestias modi ut. Dicta odit veritatis reiciendis quod nemo facilis repellendus. Ex sed qui possimus quia eum.', 2, '2019-07-28 00:03:17', '2019-07-28 00:03:17'),
(174, 355, 'Ms. Cassandra Balistreri Jr.', 'Vel recusandae consequuntur ipsam itaque nobis. Itaque laudantium quam vero dignissimos et sapiente. Sint illum iure iste est suscipit alias quo. Provident et aut saepe.', 5, '2019-07-28 00:03:17', '2019-07-28 00:03:17'),
(175, 352, 'Rubye Smitham', 'Veritatis officiis voluptatibus aut et voluptas sed voluptatem. Inventore sunt dolor enim. Alias cumque commodi omnis quas. Magni sit perferendis molestiae veniam optio similique odio.', 2, '2019-07-28 00:03:17', '2019-07-28 00:03:17'),
(176, 376, 'Prof. Trey Lind PhD', 'Iste vel rem quis qui voluptas autem ut. Velit nesciunt atque alias libero quod. Et maiores ad culpa a.', 0, '2019-07-28 00:03:17', '2019-07-28 00:03:17'),
(177, 361, 'Prof. Luther Hickle Jr.', 'Dignissimos vel cum amet voluptas quis quia. Eum vero nam excepturi vero quidem minima voluptate. Ducimus et sint voluptate omnis. Praesentium autem sed quo ut.', 2, '2019-07-28 00:03:17', '2019-07-28 00:03:17'),
(178, 380, 'Jazmin DuBuque MD', 'Ut ipsum est odit nihil. Est qui et enim doloribus sit repellendus. Rerum est perferendis voluptatum sapiente ab quae accusamus ullam.', 2, '2019-07-28 00:03:17', '2019-07-28 00:03:17'),
(179, 364, 'Margarete Gusikowski', 'Fugiat cupiditate illum nam illo consectetur. Cumque sapiente occaecati voluptate maiores corporis fugiat ipsam. Error sequi molestias esse suscipit error velit magnam maxime. Ipsum iure aut ut voluptatem exercitationem.', 0, '2019-07-28 00:03:17', '2019-07-28 00:03:17'),
(180, 375, 'Celestino Harber', 'Illo et quam qui voluptatum animi. Maiores magnam tempore dolores repudiandae voluptatum quidem voluptatibus. Eius porro ut non rerum odit quisquam. Ut voluptatem et nihil nesciunt itaque.', 3, '2019-07-28 00:03:17', '2019-07-28 00:03:17'),
(181, 364, 'Lupe Lynch V', 'Deserunt et dolor aut rem unde quos. Est quibusdam voluptatum distinctio nesciunt quia vel. Et nihil nesciunt consequatur non eligendi. Rerum quia reiciendis incidunt et veniam aut similique. Consectetur deserunt qui magnam illo.', 3, '2019-07-28 00:03:17', '2019-07-28 00:03:17'),
(182, 396, 'Alexa Funk', 'Error dolorem possimus molestiae voluptate nostrum odit similique. Enim hic explicabo distinctio quia aliquid tenetur quas. Perferendis rerum officiis sit cupiditate et aut. Ut odit necessitatibus accusamus odit ipsa unde. Quis eum ipsa labore ut quasi.', 3, '2019-07-28 00:03:17', '2019-07-28 00:03:17'),
(183, 351, 'Andre O\'Conner', 'Animi neque sed quidem debitis. Voluptate doloribus sunt rem non architecto et. Ex quia alias animi ea et. Molestiae dolor eos iusto sequi repellendus.', 4, '2019-07-28 00:03:17', '2019-07-28 00:03:17'),
(184, 393, 'Chelsey Bode', 'Repudiandae voluptatem eligendi possimus et et non earum voluptatem. Aut quidem deleniti voluptates dolores quia est.', 4, '2019-07-28 00:03:17', '2019-07-28 00:03:17'),
(185, 362, 'Madonna Renner', 'Et velit quia reprehenderit quia. Explicabo ut ad nihil voluptate pariatur. Aliquam enim consequuntur consequuntur corporis sapiente.', 0, '2019-07-28 00:03:17', '2019-07-28 00:03:17'),
(186, 375, 'Mr. Titus Hahn DDS', 'Molestiae in quam eos molestiae qui. Consequatur fugit voluptas dolorum necessitatibus. Voluptatibus nobis aliquam cumque a ut. Nemo sit iste eius numquam consequatur fugiat dignissimos est.', 0, '2019-07-28 00:03:17', '2019-07-28 00:03:17'),
(187, 368, 'Meaghan McCullough', 'Exercitationem aperiam pariatur enim ut. Aut et magnam qui aut beatae dolor quas. Culpa saepe in molestiae dicta. Nobis ab amet nihil atque dolorem.', 0, '2019-07-28 00:03:18', '2019-07-28 00:03:18'),
(188, 371, 'Ms. Ashtyn Fahey', 'Nesciunt vel sint excepturi ab nihil sapiente sit molestiae. Voluptas qui minus voluptatem iusto et ducimus voluptatem necessitatibus. Quo suscipit cupiditate praesentium aspernatur.', 5, '2019-07-28 00:03:18', '2019-07-28 00:03:18'),
(189, 383, 'Melvin Dare DDS', 'Veniam tenetur nihil delectus laborum aut sit. Error voluptate ut alias. Qui facilis recusandae rerum sit vero ipsum. Voluptatem eum enim ut vero maiores sed accusamus.', 4, '2019-07-28 00:03:18', '2019-07-28 00:03:18'),
(190, 379, 'Ericka Bosco', 'Non consequatur labore vel ut in eos est. Magni sint nihil est beatae sit molestiae. Et nam vel rerum.', 5, '2019-07-28 00:03:18', '2019-07-28 00:03:18'),
(191, 370, 'Velva Wiza', 'Error tempore qui quae occaecati enim sequi. At laborum quibusdam sit quam commodi architecto. Quis eos ipsa dolore natus. Ut quia nisi velit.', 1, '2019-07-28 00:03:18', '2019-07-28 00:03:18'),
(192, 396, 'Linda Crist', 'Eos dolor enim deleniti laudantium enim consequuntur deserunt. Voluptatem sint sequi error. Nostrum sed dolores amet consectetur.', 2, '2019-07-28 00:03:18', '2019-07-28 00:03:18'),
(193, 372, 'Prof. Zakary Weber DVM', 'Consectetur quod et enim dolore vel voluptatum. Facere aut numquam atque laboriosam voluptatem consequuntur.', 1, '2019-07-28 00:03:18', '2019-07-28 00:03:18'),
(194, 400, 'Jerrell Watsica', 'Vel veritatis facilis voluptas necessitatibus dolor. Alias atque consequatur consequatur eveniet assumenda. Cumque illo illo aut quos. Consequatur maxime quibusdam esse nihil distinctio.', 2, '2019-07-28 00:03:18', '2019-07-28 00:03:18'),
(195, 384, 'Dr. Harmon Prohaska', 'Et id aut corrupti ut repudiandae illum consequuntur quibusdam. Quaerat animi quasi et et sit asperiores dolor. Beatae adipisci illo quae tempora dolorem laboriosam. Exercitationem quaerat excepturi dolore perferendis. Natus laborum nihil ipsum facilis necessitatibus eos.', 4, '2019-07-28 00:03:18', '2019-07-28 00:03:18'),
(196, 356, 'Arden Hilpert', 'Iste rem temporibus odit et officia nulla omnis sequi. Repellat perferendis quam dolorem voluptates. Et quia velit a vitae eius et. Id enim sequi eligendi vero ut maxime aspernatur. Illum nobis laboriosam vel voluptas quis.', 1, '2019-07-28 00:03:18', '2019-07-28 00:03:18'),
(197, 383, 'Stephon Trantow', 'Voluptas sit numquam sit natus iusto animi sed aperiam. Voluptas iste totam quo qui et fugiat. Debitis quod odio consectetur. Molestias qui ut cupiditate voluptatem quidem. Voluptatem doloribus similique eum qui similique.', 3, '2019-07-28 00:03:18', '2019-07-28 00:03:18'),
(198, 386, 'Osbaldo Nienow', 'Repudiandae et minus minus accusantium. Aperiam ut hic pariatur aperiam. Nulla harum quod et qui provident corporis ea.', 0, '2019-07-28 00:03:19', '2019-07-28 00:03:19'),
(199, 364, 'Lillian Sporer', 'Architecto aut impedit animi aut. Nemo id ullam libero natus quo ut quidem. Ut reiciendis et tenetur itaque ut atque aperiam ex. Dolores quia rem iure itaque eum.', 5, '2019-07-28 00:03:19', '2019-07-28 00:03:19'),
(200, 385, 'Antonina Sanford', 'Atque rerum sit laboriosam quos quidem quis cum. Voluptate ut nihil minima amet velit corporis. Est consectetur et vel omnis.', 1, '2019-07-28 00:03:20', '2019-07-28 00:03:20'),
(201, 360, 'Ms. Matilde Mueller DDS', 'Autem fugiat adipisci facere fuga pariatur dolor dolorem. Reiciendis eos ut voluptas animi perferendis sint ducimus. Neque fuga ut culpa aliquid esse.', 5, '2019-07-28 00:03:20', '2019-07-28 00:03:20'),
(202, 371, 'Jordane Mueller', 'Esse expedita magni placeat qui non. Non debitis sequi neque numquam vel. Aperiam aut sequi aut aliquid non voluptatem.', 4, '2019-07-28 00:03:20', '2019-07-28 00:03:20'),
(203, 391, 'Enrico Kertzmann', 'Doloremque minus cumque repellendus veritatis quasi. Explicabo et omnis magnam omnis perspiciatis nisi. Adipisci voluptatem sint qui quo. Est quasi vel eaque ducimus.', 1, '2019-07-28 00:03:20', '2019-07-28 00:03:20'),
(204, 354, 'Giuseppe Collins I', 'In aliquam impedit cumque maxime debitis dicta et. Qui eos nam itaque vel reiciendis illo non ut. Autem soluta recusandae nesciunt.', 2, '2019-07-28 00:03:20', '2019-07-28 00:03:20'),
(205, 397, 'Chanelle Pacocha', 'Qui iusto placeat recusandae. Nihil fugiat repudiandae dolor qui explicabo.', 2, '2019-07-28 00:03:20', '2019-07-28 00:03:20'),
(206, 390, 'Dustin Denesik', 'Omnis et tempore et voluptatem aut omnis laboriosam ad. Aliquid rem numquam corrupti provident. Quas nam et quis hic ea ut sint minima.', 4, '2019-07-28 00:03:20', '2019-07-28 00:03:20'),
(207, 363, 'Lilliana Reynolds', 'Officiis quibusdam qui aperiam quod vitae adipisci odit. Dolore praesentium neque qui quaerat quo. Iste quis sint quas facilis dicta labore aut et.', 4, '2019-07-28 00:03:20', '2019-07-28 00:03:20'),
(208, 397, 'Eliseo Farrell', 'Nobis quae voluptatem quas dolorem quia sit illo. Harum est sequi et praesentium molestiae aliquam placeat consectetur. Distinctio pariatur expedita cumque iste et facere ut. Facilis error placeat odit accusamus nostrum maiores ipsam architecto.', 0, '2019-07-28 00:03:20', '2019-07-28 00:03:20'),
(209, 394, 'Adolfo Torp V', 'Cumque quam dicta perspiciatis illum aliquid totam. Ducimus nulla quaerat aut quisquam libero sit laudantium. Tenetur reprehenderit incidunt quia minima. Ut quia beatae ipsum in et ad quia.', 3, '2019-07-28 00:03:20', '2019-07-28 00:03:20'),
(210, 396, 'Noemi D\'Amore', 'Natus hic reiciendis et nostrum ipsa dolorem. Magnam iure aut consectetur nulla magni. Possimus a libero aut repellendus quia necessitatibus.', 4, '2019-07-28 00:03:20', '2019-07-28 00:03:20');
INSERT INTO `reviews` (`id`, `product_id`, `customer`, `review`, `star`, `created_at`, `updated_at`) VALUES
(211, 396, 'Dr. Alysson Strosin V', 'Dolores non ut voluptatibus asperiores quo sint dolorem. Adipisci ex deserunt repellendus architecto. Accusantium eum ut recusandae qui eius corporis alias.', 3, '2019-07-28 00:03:20', '2019-07-28 00:03:20'),
(212, 387, 'Neoma Smith III', 'Enim quibusdam est nihil. Est veniam reprehenderit vel. Aut quia voluptas deserunt. Velit fugit quas cumque quia aperiam aperiam.', 3, '2019-07-28 00:03:20', '2019-07-28 00:03:20'),
(213, 388, 'Dr. Sanford Homenick PhD', 'Sed quia consequuntur tenetur doloremque. Vel rem quia commodi ipsa nihil quia quia. Aut impedit rem quidem illo sit voluptas illum ad. Qui excepturi est aut iste.', 4, '2019-07-28 00:03:20', '2019-07-28 00:03:20'),
(214, 362, 'Ottis Lubowitz', 'Assumenda dicta temporibus consequuntur porro. Ipsa quam cumque vel voluptatem. Ipsam molestiae magnam vero quis. Libero omnis veniam similique doloremque.', 1, '2019-07-28 00:03:20', '2019-07-28 00:03:20'),
(215, 375, 'Ubaldo Miller DDS', 'Dolor sunt consectetur ea qui. Cupiditate mollitia amet iste consequatur quia. Nesciunt autem beatae autem aut repellat deleniti eligendi ab. Eos aut culpa aperiam consequatur.', 2, '2019-07-28 00:03:20', '2019-07-28 00:03:20'),
(216, 357, 'Dr. Darren Bergstrom II', 'Dolores cum quaerat maiores delectus voluptas voluptatem voluptas. Provident iure aut soluta ullam inventore. Voluptas at sapiente consequatur. Ad nisi est itaque et nemo quia.', 0, '2019-07-28 00:03:20', '2019-07-28 00:03:20'),
(217, 354, 'Anabelle Herzog', 'Id aperiam rerum mollitia et et quo. Officia omnis vel tenetur quo illo non consectetur. Inventore rerum quod quis rerum aut quasi consequuntur. Ea quo et laborum nobis corrupti incidunt.', 2, '2019-07-28 00:03:20', '2019-07-28 00:03:20'),
(218, 362, 'Josh Gorczany', 'Possimus omnis et laudantium est. Consequuntur sunt aliquid facilis in et qui. Voluptatibus provident laborum numquam esse alias temporibus.', 4, '2019-07-28 00:03:20', '2019-07-28 00:03:20'),
(219, 398, 'Anabelle Mueller', 'Sint cum quis sint qui consequatur. A ut consequatur aliquid accusantium tempore. Necessitatibus quaerat sit est accusamus est. Molestias ut omnis et quia.', 4, '2019-07-28 00:03:21', '2019-07-28 00:03:21'),
(220, 355, 'Caleigh Torphy', 'Vero qui aperiam accusamus asperiores. Consequatur sit esse vitae eum occaecati omnis libero. Molestiae odit quis quia minima omnis.', 1, '2019-07-28 00:03:21', '2019-07-28 00:03:21'),
(221, 353, 'Geoffrey Schultz', 'Aliquam quibusdam voluptatum quis facere. Voluptatem ut dolor fuga itaque. Et consequatur rem ut quis in numquam minima itaque. Sint optio cum reiciendis corporis quia.', 1, '2019-07-28 00:03:21', '2019-07-28 00:03:21'),
(222, 351, 'Cary Wintheiser V', 'Numquam nulla minus iusto sit ratione. Quasi aut et facilis assumenda natus sunt eos. Libero occaecati nostrum esse suscipit sit ut a vel. Est autem sit nisi sed in.', 1, '2019-07-28 00:03:21', '2019-07-28 00:03:21'),
(223, 366, 'Grace Fahey', 'Et qui voluptates ullam nam id laborum alias officiis. Laboriosam nulla numquam ea consequatur aut qui. Sunt et provident veritatis quo quia.', 2, '2019-07-28 00:03:21', '2019-07-28 00:03:21'),
(224, 354, 'Octavia Eichmann III', 'Consequatur debitis alias voluptatem nihil qui sit in. Nam placeat vitae consectetur eos omnis qui omnis. Ex totam ex iste fuga.', 5, '2019-07-28 00:03:21', '2019-07-28 00:03:21'),
(225, 376, 'Shemar Dare', 'Veniam animi delectus dolor qui dolores distinctio. Iste rem incidunt consequuntur dicta et odio sed ut. Quia doloremque magnam beatae nam.', 0, '2019-07-28 00:03:21', '2019-07-28 00:03:21'),
(226, 368, 'Tyrese Spencer Jr.', 'In animi corporis voluptate velit voluptas molestiae. Suscipit libero ipsa numquam ea dolores. Tempore dolor id omnis nemo.', 0, '2019-07-28 00:03:21', '2019-07-28 00:03:21'),
(227, 394, 'Sarah Cruickshank', 'Beatae magni consequatur aut molestiae quidem ut. Et ad nulla cum sequi voluptatem vel.', 4, '2019-07-28 00:03:21', '2019-07-28 00:03:21'),
(228, 366, 'Rosella Bechtelar', 'Accusantium similique consectetur vitae et fuga eum hic. Itaque omnis et perspiciatis aut explicabo temporibus mollitia. Repellat hic quam ut distinctio aut qui.', 1, '2019-07-28 00:03:21', '2019-07-28 00:03:21'),
(229, 368, 'Dr. Wilson Hartmann DVM', 'Totam harum maiores rerum qui delectus ducimus aperiam. Aut quod minima officia dolor est ex aut. Est velit velit sed totam est. Sapiente vel sunt sequi et sint consectetur.', 4, '2019-07-28 00:03:21', '2019-07-28 00:03:21'),
(230, 397, 'Glenda Hill', 'Occaecati rerum aliquam reiciendis error quos atque nobis. Tenetur a consequatur ratione voluptatem excepturi voluptatem. Maiores expedita nemo et. Laborum expedita magni eos repellat eum dolorum.', 1, '2019-07-28 00:03:21', '2019-07-28 00:03:21'),
(231, 396, 'Dr. Brandyn Von', 'Ipsam et quas consequuntur ipsum debitis sunt eligendi. Et ratione consequuntur accusantium fugit quia omnis. Voluptates ratione ut nisi tempore dolor explicabo.', 2, '2019-07-28 00:03:22', '2019-07-28 00:03:22'),
(232, 353, 'Elva Leffler', 'Tempore iste quod voluptatem. Est minima laborum minus aut labore. Reiciendis quia iure quae et enim sunt. Minus alias quod iusto animi et quod aliquid.', 2, '2019-07-28 00:03:22', '2019-07-28 00:03:22'),
(233, 355, 'Edward Medhurst', 'Itaque atque voluptatibus ut expedita quo quas voluptatum. Dolorum pariatur vel sint in dicta. Facilis culpa incidunt dicta corrupti adipisci consequatur necessitatibus.', 1, '2019-07-28 00:03:22', '2019-07-28 00:03:22'),
(234, 390, 'Isaac Kirlin', 'Explicabo omnis soluta et perferendis. Est sit cum est. Ipsum nihil ullam qui qui nemo dolores sit. Porro commodi aliquid quia animi. Dolores rerum voluptatem consequuntur iure labore voluptates deserunt.', 3, '2019-07-28 00:03:22', '2019-07-28 00:03:22'),
(235, 393, 'Lukas Daniel', 'Ducimus in cum id dolor fugit sit laudantium. Voluptatem dolorem vel sunt reiciendis inventore ut rerum necessitatibus. Qui quos non saepe minus in aliquam. Accusamus et ut in autem nostrum.', 2, '2019-07-28 00:03:22', '2019-07-28 00:03:22'),
(236, 358, 'Prof. Oma Reilly Jr.', 'Nemo eaque fuga consectetur enim distinctio eius blanditiis. Ipsam voluptas dolores est reiciendis asperiores eaque minus.', 3, '2019-07-28 00:03:22', '2019-07-28 00:03:22'),
(237, 368, 'Jess Turner', 'Voluptatum delectus ut consequatur dolor. Deserunt sit ab delectus voluptatem non sequi quia. Magnam voluptas qui voluptatibus nisi sequi. Temporibus necessitatibus aperiam et dolor sequi.', 2, '2019-07-28 00:03:22', '2019-07-28 00:03:22'),
(238, 377, 'Claudine Kuphal', 'Earum cupiditate pariatur sit et doloribus. Dolorem ea ut culpa. Neque sequi ut ipsa sed voluptatem molestiae voluptas modi. Expedita aliquam qui error tempora ut est porro.', 3, '2019-07-28 00:03:22', '2019-07-28 00:03:22'),
(239, 363, 'Juston Torphy', 'Aut officiis laudantium fuga in. Doloremque vel voluptas nisi aut dicta. Et rerum quisquam quaerat voluptatibus quod ducimus. Velit eum consectetur magni dolores quo.', 5, '2019-07-28 00:03:22', '2019-07-28 00:03:22'),
(240, 384, 'Ms. Verla Turcotte IV', 'Esse quas non et quisquam. Delectus voluptas atque est. Quod reprehenderit inventore quia dicta.', 4, '2019-07-28 00:03:22', '2019-07-28 00:03:22'),
(241, 385, 'Elise Murazik', 'Iure inventore blanditiis qui quae vitae consectetur. Voluptas quasi cupiditate dolorem et ut impedit maxime. Porro dolores quod debitis qui harum.', 0, '2019-07-28 00:03:23', '2019-07-28 00:03:23'),
(242, 377, 'Jamil Harvey', 'Et quo iste eos minima nihil quia quo ullam. Ea est sed quidem pariatur nostrum. Nam deleniti nostrum deleniti ex iusto iusto mollitia.', 1, '2019-07-28 00:03:23', '2019-07-28 00:03:23'),
(243, 395, 'Dr. Callie Brekke', 'Doloremque doloremque asperiores sunt non. Aut tenetur id qui saepe reprehenderit ut. Necessitatibus cum vero quasi voluptatem dolore. Veniam repudiandae accusamus aliquam ea impedit quia dolorem tenetur.', 1, '2019-07-28 00:03:23', '2019-07-28 00:03:23'),
(244, 362, 'Gennaro Ernser', 'Fuga quod voluptatem repudiandae deleniti. Provident repudiandae culpa id deleniti dolorum eos eligendi. Dolores atque neque eos. Adipisci aliquid cupiditate quo beatae id non.', 2, '2019-07-28 00:03:23', '2019-07-28 00:03:23'),
(245, 395, 'Verdie Stroman', 'Autem autem et veritatis aut et ex at. Voluptas consectetur non suscipit adipisci assumenda animi esse. Molestias maiores nostrum ducimus sunt cumque qui reprehenderit.', 0, '2019-07-28 00:03:23', '2019-07-28 00:03:23'),
(246, 353, 'Titus Mayert', 'Corporis aut aut ut. Sunt necessitatibus incidunt magnam labore.', 4, '2019-07-28 00:03:23', '2019-07-28 00:03:23'),
(247, 390, 'Charlene Tillman', 'Aut recusandae doloribus minus suscipit. Quisquam repudiandae magni voluptatem veniam consequatur. Aut deleniti illo blanditiis et. Molestiae natus tempore doloremque quidem.', 1, '2019-07-28 00:03:23', '2019-07-28 00:03:23'),
(248, 370, 'Tremayne Goodwin', 'Porro illum consectetur fugiat totam voluptates voluptatum et. Quia et error cum esse iure exercitationem. Veniam quia consectetur magnam voluptates inventore incidunt deserunt. Natus repellat similique blanditiis temporibus ea quibusdam necessitatibus.', 0, '2019-07-28 00:03:23', '2019-07-28 00:03:23'),
(249, 366, 'Dr. Ena O\'Kon II', 'Quae sit assumenda quis eaque. Veritatis dolores velit ab rem. Quo autem repellendus ab natus id amet ipsa. Blanditiis eos maxime saepe non repudiandae deleniti exercitationem.', 3, '2019-07-28 00:03:23', '2019-07-28 00:03:23'),
(250, 383, 'Mr. Austyn Champlin V', 'Occaecati ut et nostrum qui. At consectetur aperiam autem et aspernatur dolor eligendi. Earum dolor doloribus eveniet alias hic ipsam.', 0, '2019-07-28 00:03:23', '2019-07-28 00:03:23'),
(251, 353, 'Mrs. Hannah Crooks Sr.', 'Magni esse animi aut dolores delectus. Sequi reprehenderit accusantium quibusdam eum. Dicta quae similique maiores earum sunt. Nesciunt placeat asperiores enim nulla.', 5, '2019-07-28 00:03:23', '2019-07-28 00:03:23'),
(252, 377, 'Natalie Mohr MD', 'Incidunt et voluptatum ab officiis vel qui autem veniam. Pariatur error nihil rerum culpa. A velit corporis ipsam accusamus ullam. Omnis dolores voluptas dolorem laudantium voluptate.', 4, '2019-07-28 00:03:23', '2019-07-28 00:03:23'),
(253, 399, 'Shannon Yost', 'Eum fugiat libero sint quam aut ut. Eveniet consectetur et rem excepturi et. Omnis delectus ut et numquam nobis reiciendis laborum. Esse officiis totam minus iusto.', 2, '2019-07-28 00:03:23', '2019-07-28 00:03:23'),
(254, 375, 'Dusty Shields', 'Deleniti et in repellendus libero maiores recusandae. Ullam quia at id blanditiis. Consequatur enim dolores dolorem minus porro repellat dolorem.', 1, '2019-07-28 00:03:24', '2019-07-28 00:03:24'),
(255, 398, 'Mrs. Alayna Jerde IV', 'Ullam cumque quia aspernatur qui. Et odit voluptas temporibus minima quia. Occaecati vel praesentium neque doloribus.', 1, '2019-07-28 00:03:24', '2019-07-28 00:03:24'),
(256, 359, 'Dr. Jedediah Eichmann V', 'Quia dignissimos voluptatum fugiat ut nihil esse. Atque maxime in omnis sunt suscipit quia repudiandae. Eos veritatis explicabo accusamus et vero vel. Sequi illo fugit qui alias.', 3, '2019-07-28 00:03:24', '2019-07-28 00:03:24'),
(257, 395, 'Miss Bette Mohr PhD', 'Et rerum deserunt animi nihil rerum rerum accusamus. Delectus mollitia sunt est molestiae. Quasi impedit iste quibusdam in dolorum qui.', 1, '2019-07-28 00:03:24', '2019-07-28 00:03:24'),
(258, 351, 'Ms. Lori Olson', 'Architecto quis a quia delectus autem a. Voluptatem fuga vel itaque eos eos ratione nobis. Animi sequi laboriosam et eum alias maiores ipsam.', 2, '2019-07-28 00:03:24', '2019-07-28 00:03:24'),
(259, 359, 'Philip Steuber II', 'In impedit sed omnis fuga inventore eum ut atque. Dolorum rem fugit voluptatibus et cum quaerat. Ab unde culpa nemo nesciunt tenetur ipsam. Consequuntur corporis quis et eos occaecati voluptatem odio totam. Et nihil voluptatem distinctio sed distinctio eaque eligendi.', 1, '2019-07-28 00:03:24', '2019-07-28 00:03:24'),
(260, 364, 'Dr. Lexie Moen IV', 'Consequatur quas necessitatibus pariatur provident. Vel aut eveniet assumenda molestias. Ut magnam aliquid ut. Ad ullam deserunt sapiente eum hic iure.', 2, '2019-07-28 00:03:24', '2019-07-28 00:03:24'),
(261, 384, 'Antonietta Bahringer III', 'Placeat est est eum quibusdam ducimus aut. Delectus exercitationem consequuntur veritatis. Quos ut quos facilis et eum quod itaque. Saepe laborum odit et sint.', 0, '2019-07-28 00:03:24', '2019-07-28 00:03:24'),
(262, 394, 'Jalyn Ernser', 'Dignissimos itaque nostrum maxime. Voluptate eum quia similique eligendi nostrum distinctio est exercitationem. Amet sint maiores modi ullam. Praesentium facilis quasi autem tempore cumque.', 5, '2019-07-28 00:03:24', '2019-07-28 00:03:24'),
(263, 351, 'Yolanda Smith', 'Ea accusamus occaecati sapiente qui eaque molestiae est ut. Ut dolore voluptas sapiente accusamus aut exercitationem quia. Aliquid ullam est aut quas.', 1, '2019-07-28 00:03:24', '2019-07-28 00:03:24'),
(264, 357, 'Devan Ritchie', 'Dolor nam aut eius velit laborum tempora quis. Architecto est tempora ducimus magnam. Est laudantium sit et cumque. Sunt quod molestias rerum necessitatibus aperiam hic eum.', 3, '2019-07-28 00:03:24', '2019-07-28 00:03:24'),
(265, 361, 'Wilfred Howe MD', 'Similique voluptate vitae ut quia ut cumque vel. Officia rem et placeat asperiores. Eum aut repudiandae quas esse qui.', 4, '2019-07-28 00:03:24', '2019-07-28 00:03:24'),
(266, 392, 'Afton Spencer', 'Dolores consequatur commodi quos ipsum fugiat vero officia. Et qui dolores aut laborum. Deserunt qui pariatur deleniti. Architecto sunt aut iusto laudantium maxime sit impedit incidunt.', 1, '2019-07-28 00:03:24', '2019-07-28 00:03:24'),
(267, 369, 'Pauline Ward', 'Facere esse ratione eaque libero a aut. Qui est commodi eum minus voluptatibus. Hic quia dolorem ad.', 2, '2019-07-28 00:03:24', '2019-07-28 00:03:24'),
(268, 385, 'Germaine Kovacek', 'Nam voluptatum vel iste quos iure aut iure. Natus officiis laudantium aut minima et. Quisquam et fuga nisi ea. Dolore similique hic alias enim laboriosam dignissimos.', 1, '2019-07-28 00:03:24', '2019-07-28 00:03:24'),
(269, 382, 'Jimmy Howell', 'Provident nostrum quidem ut impedit officiis tempora nisi. Quia ea enim incidunt et. Eius sint esse minima quas et quibusdam.', 2, '2019-07-28 00:03:24', '2019-07-28 00:03:24'),
(270, 396, 'Jon Fritsch V', 'Recusandae magnam praesentium consequatur. Nisi accusamus minus amet mollitia est illo quo. Quae hic ipsa vel et nulla architecto. Deleniti eum beatae nulla ut voluptate.', 5, '2019-07-28 00:03:24', '2019-07-28 00:03:24'),
(271, 369, 'Ezra Connelly', 'Et sequi sit labore voluptatem dolor numquam eum qui. Aut ex expedita id est asperiores.', 1, '2019-07-28 00:03:24', '2019-07-28 00:03:24'),
(272, 389, 'Sigmund Torphy', 'Omnis maxime in quia nobis ut voluptates. Corrupti magni qui et porro et possimus. Mollitia non officiis dolores odit veritatis ea.', 4, '2019-07-28 00:03:25', '2019-07-28 00:03:25'),
(273, 399, 'Drake Murray', 'Sed eum consequatur nisi ullam ut. Voluptas et est eos eveniet dicta. Totam tempora modi provident porro. Quia iste sapiente aut perferendis quod fugiat dolorem.', 1, '2019-07-28 00:03:25', '2019-07-28 00:03:25'),
(274, 368, 'Harmony Klocko', 'Dolorem et voluptatem laboriosam. Nesciunt non enim porro consequatur ad earum.', 0, '2019-07-28 00:03:25', '2019-07-28 00:03:25'),
(275, 378, 'Kavon Rosenbaum', 'Deleniti aspernatur sed velit consequatur nostrum similique. Cumque et eos sed ut repellendus et. Vitae commodi quas sit quaerat. Voluptas voluptatem officia laboriosam consequuntur tempore minima accusantium.', 3, '2019-07-28 00:03:25', '2019-07-28 00:03:25'),
(276, 388, 'Rosendo Wolff', 'Quo quidem eveniet optio odio reprehenderit nemo ut. Nihil nisi sunt dolorem illo libero. Aliquid consequatur beatae esse reiciendis sed.', 0, '2019-07-28 00:03:25', '2019-07-28 00:03:25'),
(277, 397, 'Angelina Shanahan DDS', 'Quibusdam dolores saepe occaecati quisquam ea. Debitis et veniam iste laudantium quisquam ab. Cupiditate nesciunt id nemo exercitationem.', 1, '2019-07-28 00:03:25', '2019-07-28 00:03:25'),
(278, 392, 'Yasmeen Little', 'Quisquam est vel id quis animi voluptatem autem. Beatae quas sed inventore commodi recusandae rerum. Cumque illum est dolorum et.', 3, '2019-07-28 00:03:25', '2019-07-28 00:03:25'),
(279, 391, 'Kendall Grady', 'Sit voluptas ea ad voluptatem et praesentium. Ex ad doloribus deserunt dolor dolores voluptatem est. Esse totam culpa voluptate voluptas laborum ea illum.', 4, '2019-07-28 00:03:25', '2019-07-28 00:03:25'),
(280, 355, 'Junius Mayer', 'Ut exercitationem cupiditate minus. Deserunt corrupti reprehenderit laborum dolore pariatur. Et soluta nihil sunt ab. Accusamus aut ad tenetur sed totam. Beatae corrupti nostrum nemo.', 4, '2019-07-28 00:03:25', '2019-07-28 00:03:25'),
(281, 375, 'Ms. Eva Hettinger', 'Dolor omnis odit id odit. Eum aut blanditiis dolorem qui itaque. Accusantium quas id soluta quasi maxime. Quaerat iste nam et molestiae qui.', 4, '2019-07-28 00:03:25', '2019-07-28 00:03:25'),
(282, 361, 'Eldora Feeney', 'Dolorem vel fugiat odit quia iste ipsum expedita. Dolor distinctio voluptate beatae. Vel deleniti sit adipisci velit dicta error porro ut. Dolorem possimus quia et iure qui blanditiis necessitatibus.', 4, '2019-07-28 00:03:25', '2019-07-28 00:03:25'),
(283, 355, 'Eusebio O\'Connell', 'Maxime delectus quo voluptatum dolorem dolorum sint ut. Molestias dolore numquam distinctio iste libero quae. Suscipit a molestias quis. Natus beatae est aut rerum voluptas.', 4, '2019-07-28 00:03:25', '2019-07-28 00:03:25'),
(284, 398, 'Abe Purdy', 'Maiores assumenda aliquid molestias debitis molestiae. Minima aperiam quia quos vel ullam. Soluta sequi quibusdam expedita repudiandae. Eum ea quia odio aut fugit quis.', 0, '2019-07-28 00:03:25', '2019-07-28 00:03:25'),
(285, 397, 'Mr. Chris Sipes', 'Et nam maxime repudiandae vitae at. Quasi dolor consequatur quos omnis consequatur non. In dolorum aspernatur fugiat hic sunt.', 5, '2019-07-28 00:03:25', '2019-07-28 00:03:25'),
(286, 360, 'Prof. Rosamond Gutkowski', 'Ad veritatis consequatur facere provident voluptatem quis. Hic id unde qui maiores cum consequatur rerum. Et reprehenderit consequatur eveniet natus dolores velit.', 3, '2019-07-28 00:03:26', '2019-07-28 00:03:26'),
(287, 353, 'Jillian Hammes', 'Sapiente fugiat porro sint ratione. Itaque quo reiciendis voluptas voluptatibus laborum incidunt. Eligendi et rerum quis esse magni sapiente deserunt. Autem temporibus nihil sunt et libero quidem.', 4, '2019-07-28 00:03:26', '2019-07-28 00:03:26'),
(288, 388, 'Ulices Koepp', 'Occaecati voluptatum vitae voluptatum perspiciatis delectus laborum. Nihil consequuntur laudantium rerum sunt ut. Numquam est ipsum dolore voluptatem quas quo.', 1, '2019-07-28 00:03:26', '2019-07-28 00:03:26'),
(289, 364, 'Larry Brown', 'Praesentium odit fuga a sit velit. Perferendis reprehenderit excepturi corporis cupiditate earum. Sint ut dolorem incidunt repudiandae et in suscipit dolore. Maxime animi explicabo cum optio ut omnis omnis.', 1, '2019-07-28 00:03:26', '2019-07-28 00:03:26'),
(290, 386, 'Dr. Arlo Padberg', 'Inventore quis quo ea natus ut vitae et autem. Nam ipsam corporis voluptatem. Nihil voluptas enim hic aspernatur distinctio. Qui quia voluptatem suscipit velit.', 3, '2019-07-28 00:03:26', '2019-07-28 00:03:26'),
(291, 365, 'Turner Hane', 'Blanditiis aut nesciunt sunt beatae rerum. Odio reprehenderit saepe minus. Velit sed cupiditate sapiente pariatur omnis aut quos eos. Dicta asperiores veritatis officiis animi eveniet. Magni et eum ullam voluptates exercitationem et quis.', 0, '2019-07-28 00:03:26', '2019-07-28 00:03:26'),
(292, 374, 'Prof. Jacklyn Kautzer', 'Non quis expedita laboriosam perferendis neque. Maxime voluptate ut autem corrupti numquam vel qui. Iure quasi debitis pariatur hic ipsum. Suscipit sint nam fugit culpa et doloribus quibusdam.', 2, '2019-07-28 00:03:26', '2019-07-28 00:03:26'),
(293, 371, 'Lewis Jones', 'Quasi libero enim repellat. Dicta qui et aut incidunt. Eos quo aperiam sint aliquam veniam. Cum doloribus voluptate corporis aut amet qui.', 1, '2019-07-28 00:03:26', '2019-07-28 00:03:26'),
(294, 359, 'Dr. Jacinthe Lesch DVM', 'Ut nihil officiis non rem odio eum ducimus amet. Exercitationem debitis aut distinctio odit quia. Quo consequuntur corporis dignissimos et.', 0, '2019-07-28 00:03:27', '2019-07-28 00:03:27'),
(295, 385, 'Heidi Feeney', 'Quas corrupti aut ipsam. Deserunt tenetur necessitatibus earum sit nulla. Fugiat harum qui nulla eveniet explicabo aut possimus.', 1, '2019-07-28 00:03:27', '2019-07-28 00:03:27'),
(296, 378, 'Dr. Earnestine Gibson', 'Expedita et doloremque qui repudiandae nam distinctio tenetur. Velit aperiam non quia porro dolore voluptatem sed. A qui consectetur neque magnam quos placeat est. Adipisci veritatis laborum quae ipsa laboriosam voluptatibus cum.', 0, '2019-07-28 00:03:27', '2019-07-28 00:03:27'),
(297, 390, 'Elias Conn', 'Nihil quam consequatur sunt quo et. Perspiciatis aspernatur qui in necessitatibus quasi quae. Fugit provident delectus dolor ipsa. Laborum nisi quas aperiam doloribus.', 1, '2019-07-28 00:03:27', '2019-07-28 00:03:27'),
(298, 388, 'Ms. Destini Dooley', 'Tempore quia voluptatibus et odio accusamus modi ut. Aut id ut sint ratione et. Eos quas eveniet incidunt expedita vitae fuga mollitia. Ipsam at dolor aut et qui quae inventore autem.', 4, '2019-07-28 00:03:28', '2019-07-28 00:03:28'),
(299, 379, 'Elenora Kling', 'Aliquam rem et omnis earum voluptatem qui eveniet. Excepturi aut sequi optio a impedit consequatur inventore enim. Quia iste sunt molestiae provident omnis. Sit deserunt sed quia dolorem repellat reiciendis.', 2, '2019-07-28 00:03:28', '2019-07-28 00:03:28'),
(300, 379, 'Jerald Jacobi', 'Aut voluptate eum voluptatibus commodi molestiae vel repellendus. Itaque voluptates rerum ea tenetur. At nam est ut expedita natus dolore vel. Molestiae ratione ea rem.', 1, '2019-07-28 00:03:29', '2019-07-28 00:03:29');

-- --------------------------------------------------------

--
-- Table structure for table `users`
--

CREATE TABLE `users` (
  `id` bigint(20) UNSIGNED NOT NULL,
  `name` varchar(255) COLLATE utf8mb4_unicode_ci NOT NULL,
  `email` varchar(255) COLLATE utf8mb4_unicode_ci NOT NULL,
  `email_verified_at` timestamp NULL DEFAULT NULL,
  `password` varchar(255) COLLATE utf8mb4_unicode_ci NOT NULL,
  `remember_token` varchar(100) COLLATE utf8mb4_unicode_ci DEFAULT NULL,
  `created_at` timestamp NULL DEFAULT NULL,
  `updated_at` timestamp NULL DEFAULT NULL
) ENGINE=InnoDB DEFAULT CHARSET=utf8mb4 COLLATE=utf8mb4_unicode_ci;

--
-- Indexes for dumped tables
--

--
-- Indexes for table `migrations`
--
ALTER TABLE `migrations`
  ADD PRIMARY KEY (`id`);

--
-- Indexes for table `password_resets`
--
ALTER TABLE `password_resets`
  ADD KEY `password_resets_email_index` (`email`);

--
-- Indexes for table `products`
--
ALTER TABLE `products`
  ADD PRIMARY KEY (`id`);

--
-- Indexes for table `reviews`
--
ALTER TABLE `reviews`
  ADD PRIMARY KEY (`id`),
  ADD KEY `reviews_product_id_index` (`product_id`);

--
-- Indexes for table `users`
--
ALTER TABLE `users`
  ADD PRIMARY KEY (`id`),
  ADD UNIQUE KEY `users_email_unique` (`email`);

--
-- AUTO_INCREMENT for dumped tables
--

--
-- AUTO_INCREMENT for table `migrations`
--
ALTER TABLE `migrations`
  MODIFY `id` int(10) UNSIGNED NOT NULL AUTO_INCREMENT, AUTO_INCREMENT=5;

--
-- AUTO_INCREMENT for table `products`
--
ALTER TABLE `products`
  MODIFY `id` int(10) UNSIGNED NOT NULL AUTO_INCREMENT, AUTO_INCREMENT=401;

--
-- AUTO_INCREMENT for table `reviews`
--
ALTER TABLE `reviews`
  MODIFY `id` int(10) UNSIGNED NOT NULL AUTO_INCREMENT, AUTO_INCREMENT=301;

--
-- AUTO_INCREMENT for table `users`
--
ALTER TABLE `users`
  MODIFY `id` bigint(20) UNSIGNED NOT NULL AUTO_INCREMENT;

--
-- Constraints for dumped tables
--

--
-- Constraints for table `reviews`
--
ALTER TABLE `reviews`
  ADD CONSTRAINT `reviews_product_id_foreign` FOREIGN KEY (`product_id`) REFERENCES `products` (`id`) ON DELETE CASCADE;
COMMIT;

/*!40101 SET CHARACTER_SET_CLIENT=@OLD_CHARACTER_SET_CLIENT */;
/*!40101 SET CHARACTER_SET_RESULTS=@OLD_CHARACTER_SET_RESULTS */;
/*!40101 SET COLLATION_CONNECTION=@OLD_COLLATION_CONNECTION */;
